product_id,warehouse_id,quantity_on_hand,reorder_level,last_stock_check_date
1,1,376,35,2025-08-03
1,2,11,21,2025-10-03
1,3,53,44,2025-08-04
1,4,301,14,2025-12-21
1,5,390,34,2025-07-27
1,6,238,23,2025-08-21
1,7,339,30,2025-09-15
1,8,298,18,2025-11-14
2,1,184,42,2025-09-09
2,2,240,36,2025-08-14
2,3,169,44,2025-09-21
2,4,26,16,2025-10-23
2,5,290,16,2025-07-05
2,6,177,10,2025-11-21
2,7,330,43,2025-11-24
2,8,304,12,2025-08-27
3,1,370,16,2025-11-15
3,2,45,15,2025-09-18
3,3,378,16,2025-12-20
3,4,249,23,2025-10-01
3,5,87,23,2025-12-01
3,6,312,38,2025-09-11
3,7,308,26,2025-10-18
3,8,325,43,2025-08-06
4,1,37,47,2025-09-09
4,2,273,40,2025-07-16
4,3,176,31,2025-10-04
4,4,55,33,2025-10-02
4,5,44,12,2025-09-26
4,6,235,36,2025-12-29
4,7,218,48,2025-11-30
4,8,71,25,2025-07-28
5,1,63,41,2025-11-11
5,2,239,36,2025-12-31
5,3,241,40,2025-07-11
5,4,222,26,2025-09-25
5,5,247,41,2025-09-07
5,6,155,13,2025-07-22
5,7,254,21,2025-10-27
5,8,157,45,2025-08-23
6,1,3,19,2025-09-03
6,2,22,45,2025-08-30
6,3,202,42,2025-09-04
6,4,55,44,2025-11-02
6,5,294,46,2025-12-09
6,6,17,27,2025-11-11
6,7,122,12,2025-11-06
6,8,61,41,2025-09-14
7,1,42,12,2025-11-18
7,2,86,44,2025-11-08
7,3,281,28,2025-07-24
7,4,293,44,2025-11-07
7,5,271,30,2025-11-23
7,6,118,28,2025-07-24
7,7,113,44,2025-09-28
7,8,192,18,2025-08-01
8,1,305,34,2025-08-15
8,2,269,35,2025-11-09
8,3,136,37,2025-12-09
8,4,130,31,2025-11-13
8,5,351,13,2025-11-26
8,6,124,29,2025-10-02
8,7,249,39,2025-10-24
8,8,254,38,2025-10-19
9,1,88,26,2025-07-09
9,2,179,12,2025-09-20
9,3,294,39,2025-12-12
9,4,248,14,2025-07-30
9,5,53,21,2025-10-30
9,6,226,24,2025-12-01
9,7,271,38,2025-11-30
9,8,40,11,2025-07-05
10,1,183,27,2025-08-18
10,2,104,15,2025-11-18
10,3,77,46,2025-09-08
10,4,245,45,2025-08-19
10,5,36,33,2025-07-08
10,6,264,46,2025-08-14
10,7,7,46,2025-09-26
10,8,110,24,2025-07-10
11,1,334,43,2025-08-04
11,2,305,46,2025-07-26
11,3,189,46,2025-10-04
11,4,336,25,2025-08-24
11,5,125,32,2025-11-01
11,6,33,14,2025-11-11
11,7,135,10,2025-09-10
11,8,223,14,2025-12-26
12,1,299,43,2025-10-24
12,2,99,49,2025-11-11
12,3,400,21,2025-08-21
12,4,227,23,2025-07-09
12,5,10,34,2025-10-30
12,6,130,23,2025-10-03
12,7,125,24,2025-07-11
12,8,13,21,2025-12-21
13,1,164,37,2025-08-17
13,2,204,17,2025-09-23
13,3,390,29,2025-10-22
13,4,353,33,2025-12-22
13,5,261,14,2025-12-03
13,6,214,20,2025-09-06
13,7,182,46,2025-09-02
13,8,65,43,2025-12-30
14,1,270,15,2025-07-15
14,2,145,11,2025-11-09
14,3,114,28,2025-10-27
14,4,41,44,2025-09-21
14,5,15,39,2025-10-18
14,6,274,36,2025-11-03
14,7,343,36,2025-07-11
14,8,239,18,2025-10-23
15,1,22,24,2025-09-30
15,2,115,20,2025-11-28
15,3,90,32,2025-07-12
15,4,71,23,2025-07-09
15,5,366,10,2025-11-04
15,6,182,14,2025-11-20
15,7,29,23,2025-09-03
15,8,145,33,2025-11-16
16,1,129,15,2025-11-18
16,2,31,11,2025-10-31
16,3,290,28,2025-07-11
16,4,312,10,2025-10-20
16,5,374,27,2025-10-05
16,6,362,39,2025-09-27
16,7,174,40,2025-11-22
16,8,89,20,2025-08-05
17,1,319,41,2025-09-04
17,2,49,20,2025-07-06
17,3,400,44,2025-10-03
17,4,176,41,2025-12-19
17,5,6,38,2025-11-20
17,6,374,22,2025-10-08
17,7,121,15,2025-08-20
17,8,255,33,2025-11-30
18,1,362,35,2025-10-31
18,2,197,50,2025-09-03
18,3,5,44,2025-11-09
18,4,399,47,2025-10-22
18,5,192,48,2025-07-12
18,6,374,28,2025-10-20
18,7,290,47,2025-10-22
18,8,298,38,2025-12-10
19,1,231,38,2025-12-11
19,2,5,28,2025-11-17
19,3,29,30,2025-11-01
19,4,333,22,2025-11-09
19,5,156,22,2025-10-08
19,6,200,14,2025-11-02
19,7,177,38,2025-07-13
19,8,55,37,2025-07-21
20,1,14,36,2025-11-19
20,2,319,11,2025-07-07
20,3,14,43,2025-08-25
20,4,169,17,2025-07-25
20,5,337,41,2025-07-15
20,6,400,29,2025-07-13
20,7,193,22,2025-10-08
20,8,18,21,2025-09-26
21,1,92,15,2025-07-18
21,2,301,35,2025-09-20
21,3,339,50,2025-12-21
21,4,226,38,2025-08-18
21,5,188,13,2025-12-17
21,6,189,11,2025-11-19
21,7,325,27,2025-10-25
21,8,90,47,2025-08-07
22,1,233,47,2025-10-11
22,2,277,19,2025-10-06
22,3,104,10,2025-11-25
22,4,342,14,2025-10-16
22,5,199,34,2025-08-10
22,6,347,25,2025-12-24
22,7,107,26,2025-09-05
22,8,330,42,2025-09-14
23,1,181,31,2025-09-16
23,2,151,42,2025-12-01
23,3,185,47,2025-09-18
23,4,102,32,2025-07-07
23,5,28,22,2025-12-14
23,6,350,26,2025-07-04
23,7,50,11,2025-08-04
23,8,382,43,2025-07-09
24,1,119,25,2025-10-11
24,2,52,29,2025-12-28
24,3,36,24,2025-12-24
24,4,174,10,2025-07-24
24,5,327,28,2025-09-24
24,6,374,39,2025-11-17
24,7,230,50,2025-10-14
24,8,84,46,2025-11-02
25,1,40,17,2025-07-23
25,2,63,11,2025-12-04
25,3,212,44,2025-11-13
25,4,235,42,2025-12-23
25,5,263,10,2025-12-23
25,6,127,14,2025-10-19
25,7,198,45,2025-10-19
25,8,195,18,2025-10-01
26,1,16,48,2025-11-08
26,2,311,33,2025-09-19
26,3,325,41,2025-10-07
26,4,313,18,2025-07-22
26,5,136,24,2025-12-12
26,6,340,14,2025-10-25
26,7,75,15,2025-07-17
26,8,48,46,2025-07-04
27,1,171,37,2025-11-12
27,2,239,34,2025-11-28
27,3,213,33,2025-07-07
27,4,30,42,2025-09-14
27,5,55,37,2025-12-15
27,6,339,11,2025-11-27
27,7,297,23,2025-08-28
27,8,340,42,2025-07-18
28,1,41,46,2025-09-01
28,2,306,42,2025-12-19
28,3,335,11,2025-10-02
28,4,361,21,2025-07-17
28,5,70,36,2025-10-02
28,6,357,25,2025-08-01
28,7,226,27,2025-09-18
28,8,325,18,2025-10-21
29,1,315,48,2025-07-15
29,2,304,30,2025-11-29
29,3,107,44,2025-07-19
29,4,27,25,2025-09-13
29,5,252,16,2025-10-28
29,6,331,35,2025-09-03
29,7,337,30,2025-09-03
29,8,259,16,2025-10-22
30,1,284,49,2025-11-06
30,2,221,24,2025-09-16
30,3,55,39,2025-11-14
30,4,370,20,2025-08-30
30,5,237,25,2025-11-28
30,6,93,43,2025-12-16
30,7,303,35,2025-09-10
30,8,394,18,2025-10-19
31,1,374,12,2025-08-15
31,2,306,11,2025-09-28
31,3,320,19,2025-12-21
31,4,231,44,2025-12-06
31,5,318,16,2025-11-30
31,6,177,22,2025-11-06
31,7,356,11,2025-11-13
31,8,182,37,2025-07-05
32,1,308,22,2025-07-14
32,2,56,32,2025-10-15
32,3,394,40,2025-11-15
32,4,134,46,2025-11-29
32,5,219,28,2025-12-18
32,6,310,19,2025-09-01
32,7,214,50,2025-11-15
32,8,278,41,2025-09-02
33,1,193,23,2025-08-02
33,2,360,30,2025-11-04
33,3,317,42,2025-11-18
33,4,36,49,2025-09-20
33,5,105,33,2025-11-14
33,6,184,40,2025-11-24
33,7,389,11,2025-11-08
33,8,105,41,2025-10-01
34,1,46,29,2025-12-04
34,2,26,12,2025-08-31
34,3,58,20,2025-10-24
34,4,331,19,2025-12-01
34,5,336,10,2025-12-13
34,6,166,12,2025-10-19
34,7,357,29,2025-07-07
34,8,241,46,2025-09-15
35,1,333,37,2025-10-01
35,2,363,39,2025-12-18
35,3,126,30,2025-08-10
35,4,394,45,2025-07-29
35,5,162,18,2025-11-16
35,6,388,32,2025-12-12
35,7,79,45,2025-10-11
35,8,16,29,2025-09-13
36,1,185,10,2025-11-29
36,2,373,19,2025-12-21
36,3,287,38,2025-09-24
36,4,152,22,2025-12-15
36,5,399,24,2025-12-31
36,6,367,37,2025-12-15
36,7,13,40,2025-10-05
36,8,113,34,2025-10-31
37,1,400,31,2025-11-05
37,2,47,48,2025-12-18
37,3,311,30,2025-09-24
37,4,165,25,2025-10-20
37,5,72,47,2025-08-19
37,6,255,32,2025-09-14
37,7,129,18,2025-10-13
37,8,247,34,2025-11-08
38,1,107,42,2025-09-08
38,2,310,33,2025-09-30
38,3,70,19,2025-08-08
38,4,272,39,2025-08-30
38,5,274,26,2025-11-21
38,6,66,32,2025-11-06
38,7,118,15,2025-08-21
38,8,145,31,2025-11-27
39,1,147,20,2025-11-29
39,2,198,13,2025-07-25
39,3,1,45,2025-10-13
39,4,196,31,2025-12-27
39,5,56,19,2025-07-06
39,6,224,18,2025-08-31
39,7,92,30,2025-08-03
39,8,274,21,2025-08-04
40,1,193,32,2025-11-20
40,2,316,26,2025-11-15
40,3,126,20,2025-11-30
40,4,252,36,2025-09-30
40,5,242,20,2025-11-15
40,6,176,27,2025-08-09
40,7,248,19,2025-09-25
40,8,14,41,2025-08-30
41,1,287,30,2025-09-12
41,2,380,20,2025-10-10
41,3,161,35,2025-10-14
41,4,189,40,2025-09-08
41,5,218,10,2025-09-13
41,6,172,29,2025-11-30
41,7,286,21,2025-07-26
41,8,229,28,2025-11-15
42,1,135,11,2025-10-31
42,2,327,30,2025-12-31
42,3,23,29,2025-10-22
42,4,191,19,2025-10-05
42,5,215,35,2025-07-25
42,6,135,33,2025-08-12
42,7,232,12,2025-10-16
42,8,50,48,2025-10-14
43,1,299,44,2025-10-05
43,2,169,23,2025-12-14
43,3,353,20,2025-11-19
43,4,246,37,2025-09-17
43,5,326,27,2025-10-24
43,6,246,40,2025-11-18
43,7,258,47,2025-10-15
43,8,57,31,2025-10-12
44,1,239,31,2025-08-29
44,2,309,17,2025-12-03
44,3,265,16,2025-09-28
44,4,394,39,2025-08-22
44,5,11,48,2025-10-09
44,6,12,20,2025-09-16
44,7,267,32,2025-08-03
44,8,228,24,2025-09-14
45,1,318,40,2025-10-22
45,2,253,33,2025-10-27
45,3,367,49,2025-07-11
45,4,222,32,2025-07-24
45,5,323,21,2025-07-29
45,6,272,42,2025-08-15
45,7,280,11,2025-08-25
45,8,295,43,2025-10-21
46,1,76,41,2025-11-07
46,2,12,11,2025-07-08
46,3,392,11,2025-07-15
46,4,79,30,2025-07-04
46,5,293,49,2025-09-16
46,6,254,20,2025-08-26
46,7,72,49,2025-11-17
46,8,315,17,2025-12-11
47,1,30,22,2025-09-01
47,2,13,29,2025-07-18
47,3,343,10,2025-10-28
47,4,213,29,2025-12-31
47,5,136,33,2025-07-08
47,6,229,48,2025-08-05
47,7,101,43,2025-12-23
47,8,244,10,2025-08-29
48,1,53,41,2025-08-17
48,2,162,17,2025-10-26
48,3,50,26,2025-12-21
48,4,375,34,2025-12-07
48,5,377,38,2025-12-09
48,6,128,18,2025-07-11
48,7,182,29,2025-07-06
48,8,377,43,2025-07-17
49,1,233,19,2025-08-31
49,2,120,40,2025-07-21
49,3,83,32,2025-11-27
49,4,134,39,2025-11-09
49,5,271,10,2025-09-22
49,6,313,38,2025-11-06
49,7,343,45,2025-10-28
49,8,165,14,2025-07-10
50,1,180,15,2025-07-08
50,2,292,48,2025-10-04
50,3,271,25,2025-07-08
50,4,27,50,2025-09-24
50,5,98,40,2025-10-25
50,6,148,18,2025-10-02
50,7,218,14,2025-07-20
50,8,117,36,2025-08-13
51,1,157,40,2025-08-30
51,2,50,32,2025-10-10
51,3,108,46,2025-12-30
51,4,139,48,2025-12-20
51,5,82,18,2025-11-04
51,6,107,42,2025-12-05
51,7,385,36,2025-11-20
51,8,362,17,2025-07-25
52,1,294,28,2025-09-08
52,2,234,24,2025-08-28
52,3,388,26,2025-11-16
52,4,55,29,2025-08-27
52,5,125,10,2025-11-04
52,6,390,28,2025-09-16
52,7,108,16,2025-07-27
52,8,92,38,2025-07-23
53,1,62,44,2025-10-29
53,2,387,22,2025-07-30
53,3,170,41,2025-12-25
53,4,172,48,2025-11-04
53,5,292,38,2025-12-02
53,6,356,23,2025-11-26
53,7,103,18,2025-08-29
53,8,144,37,2025-10-09
54,1,321,34,2025-12-23
54,2,24,30,2025-12-09
54,3,127,15,2025-10-14
54,4,169,37,2025-09-04
54,5,236,33,2025-12-06
54,6,346,10,2025-10-29
54,7,66,18,2025-08-02
54,8,365,38,2025-07-13
55,1,163,15,2025-07-04
55,2,22,50,2025-09-17
55,3,70,30,2025-10-02
55,4,284,13,2025-11-22
55,5,349,23,2025-09-12
55,6,9,41,2025-09-04
55,7,80,11,2025-10-08
55,8,296,17,2025-12-09
56,1,55,29,2025-11-28
56,2,171,28,2025-07-12
56,3,234,40,2025-07-20
56,4,304,36,2025-12-30
56,5,11,21,2025-09-10
56,6,56,31,2025-07-18
56,7,77,10,2025-07-14
56,8,304,10,2025-07-11
57,1,391,34,2025-08-08
57,2,107,47,2025-10-11
57,3,161,16,2025-09-03
57,4,301,10,2025-11-02
57,5,323,33,2025-09-13
57,6,257,27,2025-09-26
57,7,327,49,2025-11-05
57,8,152,12,2025-12-06
58,1,66,39,2025-07-17
58,2,229,47,2025-07-29
58,3,287,33,2025-11-02
58,4,245,50,2025-10-07
58,5,13,22,2025-12-30
58,6,32,28,2025-10-31
58,7,23,16,2025-07-22
58,8,100,47,2025-09-01
59,1,9,13,2025-08-27
59,2,195,24,2025-10-12
59,3,251,10,2025-11-25
59,4,275,35,2025-11-30
59,5,240,50,2025-07-26
59,6,113,17,2025-07-21
59,7,199,48,2025-08-13
59,8,264,37,2025-07-22
60,1,252,45,2025-08-04
60,2,235,11,2025-08-07
60,3,7,38,2025-07-19
60,4,5,16,2025-12-13
60,5,166,38,2025-07-12
60,6,227,39,2025-09-16
60,7,197,13,2025-09-11
60,8,18,37,2025-12-07
61,1,146,32,2025-09-01
61,2,96,44,2025-12-26
61,3,194,47,2025-10-05
61,4,100,42,2025-12-01
61,5,231,30,2025-12-19
61,6,29,48,2025-10-15
61,7,64,37,2025-09-25
61,8,97,42,2025-10-13
62,1,333,31,2025-10-29
62,2,42,36,2025-07-28
62,3,288,32,2025-12-27
62,4,260,21,2025-07-06
62,5,107,13,2025-07-09
62,6,39,46,2025-07-06
62,7,200,31,2025-12-01
62,8,334,34,2025-11-23
63,1,360,13,2025-08-28
63,2,263,19,2025-07-28
63,3,119,42,2025-09-22
63,4,376,40,2025-11-02
63,5,290,33,2025-11-27
63,6,273,28,2025-12-02
63,7,182,46,2025-08-08
63,8,208,42,2025-07-06
64,1,198,22,2025-07-28
64,2,146,10,2025-07-28
64,3,55,45,2025-09-15
64,4,137,18,2025-09-10
64,5,163,24,2025-09-05
64,6,210,15,2025-09-01
64,7,167,10,2025-08-17
64,8,373,25,2025-12-09
65,1,140,42,2025-08-30
65,2,74,27,2025-11-13
65,3,56,33,2025-10-12
65,4,366,45,2025-09-19
65,5,238,40,2025-10-01
65,6,67,27,2025-08-07
65,7,288,42,2025-12-08
65,8,3,25,2025-11-11
66,1,328,47,2025-07-21
66,2,195,25,2025-10-31
66,3,74,33,2025-12-19
66,4,314,40,2025-11-24
66,5,186,34,2025-09-05
66,6,83,35,2025-08-20
66,7,365,18,2025-09-17
66,8,9,38,2025-12-15
67,1,383,35,2025-07-28
67,2,67,13,2025-07-13
67,3,239,29,2025-10-08
67,4,59,21,2025-08-13
67,5,338,38,2025-08-11
67,6,216,19,2025-09-17
67,7,103,23,2025-09-13
67,8,162,35,2025-07-16
68,1,371,31,2025-09-25
68,2,197,35,2025-10-30
68,3,330,47,2025-11-23
68,4,93,46,2025-07-24
68,5,62,35,2025-10-09
68,6,270,40,2025-09-14
68,7,55,17,2025-08-01
68,8,107,33,2025-08-04
69,1,318,41,2025-11-18
69,2,144,42,2025-11-22
69,3,55,49,2025-10-25
69,4,358,23,2025-09-11
69,5,400,42,2025-12-03
69,6,170,25,2025-11-02
69,7,287,17,2025-11-12
69,8,7,10,2025-08-02
70,1,172,35,2025-07-07
70,2,332,45,2025-08-18
70,3,213,36,2025-09-30
70,4,254,17,2025-08-20
70,5,294,24,2025-09-09
70,6,87,21,2025-12-29
70,7,392,49,2025-12-22
70,8,18,10,2025-12-02
71,1,210,30,2025-12-08
71,2,15,43,2025-11-14
71,3,271,27,2025-12-22
71,4,267,15,2025-09-23
71,5,289,44,2025-11-28
71,6,261,34,2025-12-29
71,7,233,50,2025-09-29
71,8,31,37,2025-10-21
72,1,85,23,2025-08-07
72,2,143,31,2025-08-09
72,3,372,26,2025-12-19
72,4,371,37,2025-12-16
72,5,302,14,2025-09-19
72,6,63,46,2025-09-20
72,7,333,30,2025-09-30
72,8,175,40,2025-08-11
73,1,333,43,2025-08-09
73,2,210,41,2025-08-03
73,3,67,39,2025-09-08
73,4,68,31,2025-09-17
73,5,340,49,2025-07-07
73,6,86,36,2025-09-10
73,7,62,43,2025-09-04
73,8,86,11,2025-10-16
74,1,196,30,2025-07-25
74,2,146,48,2025-09-13
74,3,316,11,2025-11-12
74,4,317,34,2025-10-16
74,5,6,35,2025-07-07
74,6,112,11,2025-12-06
74,7,369,37,2025-10-09
74,8,213,24,2025-08-19
75,1,321,32,2025-10-18
75,2,220,49,2025-11-23
75,3,358,21,2025-12-19
75,4,379,46,2025-09-16
75,5,210,29,2025-12-24
75,6,275,38,2025-09-07
75,7,61,22,2025-10-08
75,8,65,33,2025-12-02
76,1,116,23,2025-08-26
76,2,106,19,2025-12-25
76,3,288,27,2025-11-22
76,4,88,35,2025-11-18
76,5,196,18,2025-08-07
76,6,239,35,2025-08-17
76,7,69,38,2025-10-19
76,8,371,29,2025-11-22
77,1,329,26,2025-09-09
77,2,76,18,2025-12-07
77,3,173,30,2025-11-19
77,4,92,25,2025-10-03
77,5,309,17,2025-09-13
77,6,149,17,2025-07-16
77,7,295,33,2025-10-13
77,8,101,48,2025-11-15
78,1,41,36,2025-09-05
78,2,158,20,2025-10-18
78,3,281,27,2025-08-18
78,4,325,32,2025-09-01
78,5,353,26,2025-07-24
78,6,366,44,2025-08-04
78,7,108,17,2025-11-26
78,8,268,21,2025-08-25
79,1,343,27,2025-09-03
79,2,260,23,2025-12-31
79,3,27,40,2025-11-07
79,4,98,20,2025-10-15
79,5,284,25,2025-09-01
79,6,388,16,2025-08-08
79,7,148,26,2025-07-21
79,8,35,38,2025-12-26
80,1,380,43,2025-12-30
80,2,92,22,2025-10-08
80,3,205,15,2025-07-20
80,4,35,40,2025-11-02
80,5,4,37,2025-10-04
80,6,7,32,2025-11-27
80,7,120,17,2025-12-18
80,8,117,17,2025-08-28
81,1,335,24,2025-12-21
81,2,98,25,2025-11-26
81,3,270,22,2025-09-17
81,4,47,29,2025-07-19
81,5,327,45,2025-07-19
81,6,346,14,2025-09-10
81,7,298,20,2025-09-17
81,8,379,30,2025-08-07
82,1,26,27,2025-11-12
82,2,262,21,2025-10-20
82,3,79,25,2025-10-03
82,4,84,25,2025-08-23
82,5,134,49,2025-12-15
82,6,29,48,2025-08-15
82,7,63,12,2025-10-28
82,8,389,46,2025-09-29
83,1,250,21,2025-11-08
83,2,222,25,2025-10-16
83,3,245,11,2025-07-30
83,4,162,41,2025-12-26
83,5,88,42,2025-08-22
83,6,231,21,2025-11-20
83,7,358,45,2025-09-12
83,8,64,46,2025-08-16
84,1,162,26,2025-11-20
84,2,193,32,2025-09-12
84,3,97,24,2025-10-12
84,4,116,17,2025-07-24
84,5,58,21,2025-08-23
84,6,9,44,2025-07-04
84,7,175,29,2025-08-30
84,8,30,38,2025-10-06
85,1,92,10,2025-12-09
85,2,219,47,2025-12-28
85,3,301,42,2025-09-29
85,4,383,17,2025-10-29
85,5,26,30,2025-08-16
85,6,57,30,2025-08-15
85,7,138,49,2025-09-05
85,8,55,50,2025-07-06
86,1,223,14,2025-08-17
86,2,106,36,2025-07-18
86,3,265,20,2025-07-11
86,4,4,23,2025-08-03
86,5,220,34,2025-07-06
86,6,101,29,2025-07-20
86,7,173,25,2025-12-01
86,8,389,36,2025-11-11
87,1,94,14,2025-07-25
87,2,57,20,2025-10-10
87,3,164,44,2025-08-17
87,4,70,20,2025-08-18
87,5,305,38,2025-10-21
87,6,169,31,2025-10-25
87,7,120,30,2025-12-17
87,8,209,43,2025-07-22
88,1,75,35,2025-07-10
88,2,255,35,2025-07-04
88,3,288,20,2025-07-10
88,4,378,33,2025-12-08
88,5,255,42,2025-10-22
88,6,357,44,2025-09-13
88,7,84,32,2025-07-10
88,8,128,44,2025-12-28
89,1,349,43,2025-10-30
89,2,54,29,2025-08-02
89,3,240,11,2025-07-28
89,4,60,31,2025-10-29
89,5,286,45,2025-07-16
89,6,87,21,2025-11-03
89,7,279,19,2025-07-05
89,8,287,42,2025-08-09
90,1,94,40,2025-12-21
90,2,358,16,2025-12-20
90,3,32,19,2025-10-11
90,4,168,22,2025-09-09
90,5,360,16,2025-07-30
90,6,170,39,2025-08-25
90,7,283,16,2025-09-25
90,8,23,10,2025-12-31
91,1,92,26,2025-12-28
91,2,324,12,2025-08-27
91,3,63,37,2025-07-27
91,4,18,25,2025-11-25
91,5,287,46,2025-12-31
91,6,90,23,2025-12-11
91,7,233,50,2025-12-18
91,8,371,13,2025-07-04
92,1,328,21,2025-07-15
92,2,230,28,2025-12-14
92,3,197,47,2025-09-27
92,4,265,31,2025-11-28
92,5,321,29,2025-09-23
92,6,368,11,2025-10-16
92,7,156,42,2025-12-18
92,8,275,32,2025-12-08
93,1,322,14,2025-08-25
93,2,15,50,2025-07-13
93,3,250,45,2025-09-30
93,4,259,36,2025-10-08
93,5,322,21,2025-12-07
93,6,344,33,2025-07-25
93,7,326,41,2025-12-06
93,8,336,43,2025-07-28
94,1,210,14,2025-10-30
94,2,250,20,2025-07-24
94,3,292,48,2025-07-16
94,4,241,40,2025-12-17
94,5,137,11,2025-12-14
94,6,0,37,2025-08-21
94,7,124,36,2025-10-04
94,8,378,13,2025-11-07
95,1,397,31,2025-09-11
95,2,234,19,2025-07-09
95,3,159,28,2025-11-04
95,4,41,21,2025-09-02
95,5,5,16,2025-07-10
95,6,12,26,2025-08-16
95,7,25,27,2025-09-28
95,8,283,36,2025-09-18
96,1,239,18,2025-07-06
96,2,309,47,2025-10-17
96,3,80,46,2025-09-05
96,4,238,31,2025-08-29
96,5,285,18,2025-09-30
96,6,134,14,2025-10-17
96,7,113,28,2025-07-27
96,8,309,44,2025-08-30
97,1,183,19,2025-12-02
97,2,137,39,2025-07-23
97,3,85,15,2025-08-24
97,4,27,21,2025-12-01
97,5,170,23,2025-10-23
97,6,238,19,2025-09-27
97,7,399,17,2025-08-05
97,8,88,16,2025-11-12
98,1,49,50,2025-10-29
98,2,264,36,2025-10-06
98,3,23,25,2025-11-10
98,4,361,28,2025-07-04
98,5,382,37,2025-10-29
98,6,216,24,2025-09-14
98,7,373,23,2025-08-08
98,8,373,46,2025-09-26
99,1,192,11,2025-10-25
99,2,315,24,2025-10-30
99,3,155,21,2025-10-03
99,4,266,31,2025-08-02
99,5,40,14,2025-07-25
99,6,125,33,2025-12-24
99,7,345,46,2025-08-13
99,8,148,21,2025-12-16
100,1,212,15,2025-07-31
100,2,242,15,2025-07-15
100,3,88,49,2025-08-16
100,4,94,10,2025-07-09
100,5,26,26,2025-08-08
100,6,251,11,2025-12-20
100,7,154,10,2025-12-20
100,8,110,49,2025-11-08
101,1,214,33,2025-09-14
101,2,185,29,2025-12-06
101,3,193,43,2025-11-30
101,4,137,27,2025-12-31
101,5,349,36,2025-12-08
101,6,369,33,2025-09-28
101,7,231,39,2025-10-02
101,8,121,45,2025-12-25
102,1,38,32,2025-08-27
102,2,42,50,2025-08-19
102,3,177,21,2025-12-11
102,4,303,43,2025-12-14
102,5,20,25,2025-08-07
102,6,23,37,2025-08-21
102,7,239,30,2025-11-15
102,8,148,30,2025-07-18
103,1,86,40,2025-09-18
103,2,176,34,2025-07-17
103,3,156,37,2025-10-11
103,4,104,15,2025-07-24
103,5,131,10,2025-12-27
103,6,241,26,2025-08-11
103,7,210,21,2025-07-24
103,8,1,31,2025-12-07
104,1,159,37,2025-12-07
104,2,14,31,2025-11-12
104,3,337,50,2025-07-04
104,4,74,40,2025-07-06
104,5,223,31,2025-10-14
104,6,307,34,2025-11-10
104,7,391,20,2025-09-04
104,8,298,22,2025-09-27
105,1,37,11,2025-08-16
105,2,357,11,2025-09-14
105,3,359,24,2025-11-14
105,4,242,19,2025-12-15
105,5,274,32,2025-11-18
105,6,106,45,2025-12-27
105,7,15,23,2025-09-19
105,8,335,23,2025-09-25
106,1,55,42,2025-08-10
106,2,93,10,2025-08-30
106,3,350,23,2025-07-15
106,4,16,31,2025-11-01
106,5,380,50,2025-08-05
106,6,251,39,2025-09-14
106,7,372,20,2025-07-18
106,8,239,19,2025-09-20
107,1,17,22,2025-08-14
107,2,11,38,2025-11-05
107,3,267,27,2025-11-18
107,4,146,23,2025-11-24
107,5,62,39,2025-11-05
107,6,170,14,2025-08-19
107,7,205,17,2025-09-03
107,8,115,29,2025-09-19
108,1,58,24,2025-12-03
108,2,195,23,2025-08-07
108,3,128,43,2025-11-16
108,4,274,13,2025-07-17
108,5,13,41,2025-10-30
108,6,279,13,2025-08-21
108,7,396,43,2025-07-16
108,8,129,42,2025-07-24
109,1,231,24,2025-08-25
109,2,88,43,2025-08-15
109,3,400,39,2025-07-10
109,4,183,42,2025-08-29
109,5,312,32,2025-07-06
109,6,187,48,2025-12-12
109,7,45,10,2025-08-29
109,8,343,50,2025-11-16
110,1,379,11,2025-12-22
110,2,119,40,2025-12-09
110,3,246,32,2025-07-21
110,4,97,38,2025-08-06
110,5,234,30,2025-08-19
110,6,317,36,2025-12-07
110,7,211,49,2025-12-14
110,8,398,11,2025-10-25
111,1,365,24,2025-08-20
111,2,148,36,2025-11-29
111,3,137,48,2025-08-08
111,4,346,20,2025-12-07
111,5,253,38,2025-07-28
111,6,52,21,2025-08-08
111,7,279,30,2025-11-24
111,8,87,30,2025-08-09
112,1,242,27,2025-09-27
112,2,145,47,2025-07-30
112,3,101,37,2025-10-14
112,4,163,39,2025-08-31
112,5,211,41,2025-08-24
112,6,245,27,2025-12-10
112,7,139,24,2025-12-19
112,8,245,48,2025-08-28
113,1,126,42,2025-08-02
113,2,338,49,2025-12-01
113,3,267,38,2025-09-24
113,4,194,41,2025-12-10
113,5,38,14,2025-10-08
113,6,128,47,2025-10-24
113,7,239,11,2025-11-22
113,8,270,17,2025-09-28
114,1,184,47,2025-11-20
114,2,376,44,2025-11-10
114,3,194,47,2025-10-24
114,4,376,27,2025-08-12
114,5,172,19,2025-08-01
114,6,21,11,2025-08-17
114,7,381,11,2025-10-21
114,8,154,24,2025-12-08
115,1,213,19,2025-11-14
115,2,119,32,2025-09-21
115,3,248,43,2025-12-23
115,4,78,42,2025-07-19
115,5,294,11,2025-07-06
115,6,384,40,2025-11-28
115,7,105,26,2025-10-08
115,8,319,41,2025-11-11
116,1,336,45,2025-09-25
116,2,277,22,2025-11-06
116,3,4,38,2025-12-05
116,4,156,49,2025-10-19
116,5,180,13,2025-11-22
116,6,232,11,2025-11-03
116,7,32,28,2025-11-24
116,8,253,28,2025-12-25
117,1,142,12,2025-12-22
117,2,13,33,2025-12-14
117,3,3,29,2025-09-13
117,4,347,17,2025-11-16
117,5,156,27,2025-08-10
117,6,47,38,2025-12-02
117,7,217,40,2025-11-04
117,8,320,20,2025-12-12
118,1,198,40,2025-08-19
118,2,120,18,2025-11-05
118,3,333,50,2025-11-06
118,4,331,39,2025-07-20
118,5,105,45,2025-12-01
118,6,2,12,2025-10-09
118,7,248,39,2025-09-04
118,8,56,44,2025-07-06
119,1,294,32,2025-07-12
119,2,192,27,2025-12-16
119,3,230,24,2025-09-22
119,4,221,33,2025-10-10
119,5,309,27,2025-11-18
119,6,297,49,2025-07-23
119,7,396,32,2025-09-01
119,8,273,15,2025-12-04
120,1,36,45,2025-09-04
120,2,139,36,2025-11-14
120,3,209,39,2025-12-30
120,4,33,28,2025-11-22
120,5,332,10,2025-07-13
120,6,74,48,2025-12-06
120,7,344,36,2025-07-11
120,8,0,35,2025-11-17
121,1,67,29,2025-12-24
121,2,7,38,2025-11-04
121,3,49,49,2025-11-13
121,4,309,41,2025-08-06
121,5,137,43,2025-07-27
121,6,382,41,2025-07-26
121,7,54,44,2025-09-08
121,8,202,19,2025-07-21
122,1,208,38,2025-10-24
122,2,276,34,2025-07-25
122,3,99,39,2025-07-24
122,4,316,15,2025-10-12
122,5,352,13,2025-11-02
122,6,87,42,2025-09-21
122,7,70,18,2025-07-15
122,8,159,48,2025-07-14
123,1,216,16,2025-09-08
123,2,63,23,2025-07-23
123,3,315,42,2025-07-06
123,4,317,33,2025-07-04
123,5,229,39,2025-07-17
123,6,135,12,2025-11-22
123,7,324,39,2025-12-08
123,8,297,21,2025-08-27
124,1,326,20,2025-11-12
124,2,307,14,2025-07-20
124,3,5,30,2025-07-04
124,4,181,32,2025-08-17
124,5,387,49,2025-10-21
124,6,102,44,2025-08-17
124,7,12,45,2025-10-03
124,8,314,16,2025-10-28
125,1,316,21,2025-11-08
125,2,211,39,2025-07-23
125,3,12,31,2025-12-04
125,4,54,16,2025-11-24
125,5,45,37,2025-08-06
125,6,190,14,2025-07-09
125,7,12,12,2025-10-01
125,8,281,27,2025-11-23
126,1,159,13,2025-10-10
126,2,62,32,2025-11-20
126,3,397,31,2025-09-11
126,4,355,37,2025-10-10
126,5,155,12,2025-08-23
126,6,399,12,2025-07-08
126,7,310,40,2025-07-31
126,8,226,34,2025-09-19
127,1,72,37,2025-11-17
127,2,251,49,2025-11-10
127,3,105,49,2025-11-20
127,4,331,32,2025-07-31
127,5,187,25,2025-09-25
127,6,230,39,2025-09-22
127,7,250,11,2025-11-01
127,8,47,11,2025-08-10
128,1,212,16,2025-07-10
128,2,16,49,2025-10-26
128,3,258,36,2025-08-23
128,4,33,40,2025-10-01
128,5,274,37,2025-11-29
128,6,194,29,2025-08-23
128,7,71,11,2025-12-22
128,8,25,19,2025-11-18
129,1,268,12,2025-08-14
129,2,64,12,2025-10-24
129,3,163,38,2025-08-28
129,4,249,25,2025-11-20
129,5,88,16,2025-12-11
129,6,378,34,2025-09-07
129,7,279,44,2025-07-24
129,8,159,16,2025-09-30
130,1,252,49,2025-11-27
130,2,247,48,2025-11-07
130,3,133,28,2025-10-30
130,4,69,29,2025-11-01
130,5,143,33,2025-12-31
130,6,12,11,2025-07-15
130,7,288,33,2025-09-20
130,8,369,44,2025-08-08
131,1,396,14,2025-11-10
131,2,389,43,2025-12-26
131,3,256,10,2025-09-08
131,4,278,50,2025-08-02
131,5,79,47,2025-09-27
131,6,349,37,2025-07-10
131,7,358,40,2025-11-29
131,8,21,23,2025-09-13
132,1,236,43,2025-08-20
132,2,380,39,2025-12-30
132,3,60,22,2025-10-05
132,4,167,13,2025-09-04
132,5,74,44,2025-10-20
132,6,24,27,2025-10-05
132,7,394,21,2025-11-16
132,8,201,48,2025-08-03
133,1,99,23,2025-07-06
133,2,145,14,2025-08-25
133,3,328,46,2025-12-02
133,4,377,48,2025-12-25
133,5,313,10,2025-11-16
133,6,321,18,2025-10-01
133,7,154,27,2025-09-19
133,8,361,36,2025-08-18
134,1,193,36,2025-08-04
134,2,377,22,2025-11-23
134,3,157,42,2025-07-17
134,4,164,32,2025-09-12
134,5,130,30,2025-07-23
134,6,221,43,2025-07-12
134,7,296,29,2025-11-23
134,8,172,46,2025-07-29
135,1,107,10,2025-09-11
135,2,295,50,2025-12-22
135,3,272,21,2025-07-09
135,4,127,28,2025-10-07
135,5,97,21,2025-07-11
135,6,57,47,2025-12-11
135,7,255,26,2025-08-15
135,8,257,43,2025-07-12
136,1,80,23,2025-07-27
136,2,157,41,2025-10-21
136,3,92,36,2025-08-27
136,4,233,16,2025-09-07
136,5,217,45,2025-09-19
136,6,382,41,2025-10-30
136,7,68,10,2025-09-04
136,8,249,29,2025-11-23
137,1,362,24,2025-07-12
137,2,290,35,2025-07-18
137,3,140,19,2025-11-05
137,4,321,39,2025-07-24
137,5,349,44,2025-10-20
137,6,362,16,2025-09-17
137,7,110,10,2025-12-22
137,8,185,37,2025-09-12
138,1,304,23,2025-08-27
138,2,362,46,2025-09-14
138,3,163,25,2025-08-10
138,4,297,20,2025-11-20
138,5,359,29,2025-11-16
138,6,345,14,2025-10-28
138,7,345,44,2025-10-04
138,8,284,31,2025-07-18
139,1,95,14,2025-08-25
139,2,210,29,2025-09-14
139,3,148,26,2025-12-21
139,4,220,10,2025-07-07
139,5,386,19,2025-08-25
139,6,72,18,2025-10-30
139,7,380,12,2025-10-31
139,8,94,28,2025-07-15
140,1,129,22,2025-11-27
140,2,16,42,2025-10-26
140,3,193,26,2025-11-15
140,4,153,16,2025-10-08
140,5,205,30,2025-07-27
140,6,396,27,2025-09-30
140,7,392,21,2025-12-20
140,8,229,50,2025-12-05
141,1,100,42,2025-12-16
141,2,60,18,2025-10-29
141,3,30,39,2025-09-23
141,4,136,27,2025-09-06
141,5,23,12,2025-09-02
141,6,354,20,2025-10-30
141,7,342,48,2025-12-05
141,8,390,16,2025-07-30
142,1,349,29,2025-07-23
142,2,298,29,2025-07-27
142,3,81,34,2025-08-26
142,4,118,46,2025-08-27
142,5,332,25,2025-12-17
142,6,2,21,2025-08-03
142,7,342,45,2025-09-26
142,8,295,16,2025-07-27
143,1,37,37,2025-12-02
143,2,356,18,2025-07-13
143,3,173,25,2025-11-16
143,4,278,50,2025-09-14
143,5,162,17,2025-11-21
143,6,334,22,2025-08-19
143,7,216,46,2025-12-19
143,8,44,25,2025-07-25
144,1,22,15,2025-08-06
144,2,283,40,2025-11-06
144,3,279,40,2025-10-04
144,4,66,27,2025-11-04
144,5,151,48,2025-07-12
144,6,25,50,2025-08-16
144,7,249,43,2025-10-24
144,8,181,35,2025-11-30
145,1,111,31,2025-10-09
145,2,266,12,2025-11-30
145,3,363,50,2025-11-15
145,4,286,11,2025-10-17
145,5,125,18,2025-09-09
145,6,11,34,2025-07-06
145,7,142,37,2025-07-08
145,8,337,47,2025-10-27
146,1,125,10,2025-10-31
146,2,306,15,2025-08-05
146,3,209,11,2025-07-14
146,4,98,13,2025-11-21
146,5,144,38,2025-07-15
146,6,88,17,2025-10-15
146,7,187,10,2025-07-18
146,8,356,16,2025-10-24
147,1,15,34,2025-10-03
147,2,18,11,2025-12-15
147,3,231,40,2025-10-16
147,4,255,22,2025-09-08
147,5,96,18,2025-09-07
147,6,266,19,2025-10-31
147,7,72,37,2025-07-26
147,8,245,49,2025-09-22
148,1,105,25,2025-12-25
148,2,109,34,2025-08-16
148,3,98,31,2025-12-04
148,4,3,32,2025-12-16
148,5,179,26,2025-08-16
148,6,59,11,2025-10-11
148,7,155,45,2025-11-26
148,8,153,37,2025-07-29
149,1,322,40,2025-10-27
149,2,49,43,2025-12-11
149,3,226,43,2025-12-10
149,4,26,34,2025-07-27
149,5,277,44,2025-12-31
149,6,224,37,2025-12-11
149,7,23,22,2025-07-22
149,8,64,47,2025-10-29
150,1,363,33,2025-10-29
150,2,351,29,2025-09-05
150,3,70,31,2025-10-22
150,4,86,41,2025-12-14
150,5,397,26,2025-10-09
150,6,222,29,2025-09-12
150,7,339,45,2025-07-07
150,8,61,27,2025-09-07
151,1,64,27,2025-08-12
151,2,352,41,2025-09-05
151,3,239,38,2025-07-17
151,4,150,23,2025-09-06
151,5,92,23,2025-08-06
151,6,104,41,2025-11-14
151,7,257,41,2025-08-31
151,8,373,49,2025-08-22
152,1,281,31,2025-09-10
152,2,159,13,2025-08-25
152,3,200,40,2025-07-19
152,4,365,16,2025-07-22
152,5,119,39,2025-12-28
152,6,297,17,2025-12-26
152,7,7,28,2025-07-30
152,8,190,31,2025-07-27
153,1,280,31,2025-10-29
153,2,62,22,2025-12-12
153,3,73,35,2025-11-17
153,4,298,35,2025-08-19
153,5,390,11,2025-09-26
153,6,87,29,2025-12-19
153,7,10,25,2025-07-27
153,8,241,13,2025-12-08
154,1,80,39,2025-08-02
154,2,78,50,2025-09-09
154,3,177,27,2025-11-19
154,4,366,44,2025-07-16
154,5,267,26,2025-07-04
154,6,245,19,2025-08-31
154,7,208,25,2025-12-01
154,8,253,25,2025-09-10
155,1,18,27,2025-07-14
155,2,176,38,2025-08-14
155,3,267,24,2025-10-08
155,4,147,12,2025-09-29
155,5,257,38,2025-07-26
155,6,397,11,2025-11-04
155,7,181,10,2025-10-24
155,8,175,13,2025-09-23
156,1,176,32,2025-07-23
156,2,381,15,2025-12-27
156,3,234,10,2025-08-06
156,4,41,12,2025-08-08
156,5,124,43,2025-10-06
156,6,399,22,2025-11-16
156,7,43,28,2025-12-31
156,8,320,39,2025-09-01
157,1,211,27,2025-07-14
157,2,306,40,2025-09-06
157,3,265,46,2025-10-01
157,4,99,37,2025-12-23
157,5,80,32,2025-09-24
157,6,237,28,2025-07-05
157,7,280,34,2025-10-01
157,8,174,49,2025-08-24
158,1,352,33,2025-10-26
158,2,23,29,2025-07-26
158,3,359,35,2025-12-18
158,4,226,50,2025-12-01
158,5,150,17,2025-12-17
158,6,367,50,2025-11-17
158,7,4,22,2025-07-12
158,8,281,38,2025-07-08
159,1,143,33,2025-07-28
159,2,118,13,2025-08-16
159,3,172,11,2025-11-07
159,4,143,37,2025-12-14
159,5,34,49,2025-07-19
159,6,201,47,2025-10-04
159,7,97,47,2025-07-09
159,8,259,32,2025-11-01
160,1,379,27,2025-07-12
160,2,247,13,2025-08-13
160,3,301,39,2025-07-18
160,4,94,11,2025-12-18
160,5,224,38,2025-11-12
160,6,13,45,2025-11-12
160,7,147,11,2025-09-19
160,8,391,44,2025-10-25
161,1,174,13,2025-11-26
161,2,232,15,2025-11-29
161,3,281,33,2025-11-15
161,4,314,37,2025-12-13
161,5,137,26,2025-12-19
161,6,168,45,2025-11-15
161,7,30,32,2025-09-05
161,8,279,40,2025-07-24
162,1,338,34,2025-07-31
162,2,81,47,2025-10-28
162,3,92,43,2025-07-17
162,4,260,21,2025-07-10
162,5,24,22,2025-10-19
162,6,59,19,2025-09-25
162,7,297,31,2025-12-18
162,8,164,45,2025-11-24
163,1,164,25,2025-07-22
163,2,212,24,2025-12-22
163,3,198,40,2025-08-28
163,4,314,44,2025-11-01
163,5,91,16,2025-07-15
163,6,260,41,2025-10-24
163,7,326,48,2025-08-04
163,8,353,34,2025-12-22
164,1,246,16,2025-09-19
164,2,270,24,2025-07-23
164,3,0,19,2025-08-29
164,4,227,23,2025-08-16
164,5,155,27,2025-08-01
164,6,66,27,2025-08-20
164,7,206,25,2025-10-13
164,8,296,32,2025-11-10
165,1,66,27,2025-10-29
165,2,20,33,2025-08-24
165,3,266,39,2025-10-17
165,4,306,40,2025-07-24
165,5,141,44,2025-07-08
165,6,117,48,2025-09-24
165,7,142,27,2025-08-19
165,8,353,20,2025-10-13
166,1,260,35,2025-09-03
166,2,17,38,2025-08-06
166,3,211,12,2025-07-05
166,4,78,18,2025-11-24
166,5,348,40,2025-12-26
166,6,38,48,2025-08-21
166,7,355,26,2025-10-31
166,8,66,44,2025-08-23
167,1,201,41,2025-10-13
167,2,279,17,2025-07-16
167,3,24,50,2025-10-29
167,4,204,23,2025-10-14
167,5,175,35,2025-12-18
167,6,90,38,2025-10-29
167,7,67,22,2025-08-13
167,8,378,44,2025-07-14
168,1,191,17,2025-07-10
168,2,167,34,2025-12-01
168,3,287,43,2025-11-18
168,4,178,12,2025-09-18
168,5,170,20,2025-10-01
168,6,298,44,2025-11-19
168,7,357,44,2025-09-10
168,8,289,19,2025-10-24
169,1,44,19,2025-11-29
169,2,233,28,2025-09-19
169,3,272,24,2025-12-13
169,4,122,21,2025-08-19
169,5,347,46,2025-07-17
169,6,153,10,2025-11-12
169,7,263,15,2025-10-06
169,8,187,47,2025-10-10
170,1,241,20,2025-07-11
170,2,220,30,2025-10-23
170,3,382,11,2025-10-06
170,4,193,50,2025-12-28
170,5,70,16,2025-10-06
170,6,171,38,2025-08-21
170,7,238,28,2025-11-07
170,8,218,15,2025-09-24
171,1,29,29,2025-12-01
171,2,121,18,2025-10-03
171,3,187,31,2025-12-22
171,4,51,25,2025-07-06
171,5,277,16,2025-07-21
171,6,212,29,2025-07-23
171,7,323,20,2025-12-09
171,8,28,12,2025-07-05
172,1,27,13,2025-09-05
172,2,52,43,2025-09-23
172,3,199,35,2025-08-08
172,4,177,27,2025-08-19
172,5,152,12,2025-11-20
172,6,361,33,2025-12-03
172,7,256,22,2025-11-11
172,8,275,21,2025-11-08
173,1,375,50,2025-08-26
173,2,55,42,2025-11-07
173,3,139,45,2025-08-02
173,4,369,42,2025-12-03
173,5,222,28,2025-08-21
173,6,83,24,2025-10-17
173,7,340,21,2025-09-14
173,8,61,38,2025-09-23
174,1,100,45,2025-09-22
174,2,257,17,2025-12-19
174,3,72,46,2025-12-31
174,4,55,32,2025-08-05
174,5,334,22,2025-08-11
174,6,379,36,2025-12-20
174,7,353,36,2025-09-23
174,8,192,16,2025-11-27
175,1,215,49,2025-10-17
175,2,381,26,2025-12-04
175,3,342,25,2025-07-26
175,4,61,18,2025-09-17
175,5,311,10,2025-08-23
175,6,47,35,2025-10-21
175,7,280,17,2025-11-26
175,8,348,28,2025-10-14
176,1,292,19,2025-07-30
176,2,160,15,2025-07-04
176,3,353,14,2025-10-12
176,4,149,26,2025-11-05
176,5,315,29,2025-10-25
176,6,275,38,2025-10-03
176,7,323,22,2025-10-12
176,8,372,10,2025-09-17
177,1,282,48,2025-09-16
177,2,191,47,2025-12-02
177,3,194,30,2025-12-03
177,4,244,33,2025-09-18
177,5,9,26,2025-09-28
177,6,374,30,2025-10-29
177,7,310,43,2025-09-17
177,8,95,14,2025-07-23
178,1,155,23,2025-11-05
178,2,331,29,2025-09-20
178,3,59,13,2025-09-05
178,4,318,25,2025-12-10
178,5,275,27,2025-12-02
178,6,164,27,2025-11-19
178,7,352,48,2025-10-06
178,8,55,33,2025-12-30
179,1,342,16,2025-07-26
179,2,363,46,2025-07-27
179,3,155,42,2025-10-24
179,4,213,31,2025-11-21
179,5,141,19,2025-08-10
179,6,39,25,2025-10-22
179,7,191,22,2025-11-10
179,8,225,21,2025-09-14
180,1,92,18,2025-07-28
180,2,348,24,2025-08-26
180,3,366,13,2025-10-23
180,4,346,19,2025-12-15
180,5,116,48,2025-12-02
180,6,230,21,2025-11-13
180,7,377,15,2025-08-03
180,8,99,49,2025-10-27
181,1,185,36,2025-11-18
181,2,234,20,2025-12-07
181,3,130,44,2025-12-06
181,4,384,25,2025-11-03
181,5,141,25,2025-08-30
181,6,17,48,2025-08-22
181,7,95,35,2025-11-04
181,8,318,21,2025-10-16
182,1,327,49,2025-09-30
182,2,92,36,2025-12-18
182,3,330,14,2025-12-12
182,4,388,26,2025-11-11
182,5,36,12,2025-11-25
182,6,348,25,2025-12-27
182,7,389,23,2025-12-22
182,8,81,49,2025-07-07
183,1,242,22,2025-10-14
183,2,303,39,2025-07-10
183,3,342,47,2025-12-08
183,4,379,27,2025-10-11
183,5,321,31,2025-09-09
183,6,190,14,2025-08-27
183,7,266,41,2025-07-30
183,8,167,13,2025-07-07
184,1,44,35,2025-12-17
184,2,337,26,2025-12-11
184,3,139,28,2025-12-21
184,4,44,40,2025-11-08
184,5,354,21,2025-07-17
184,6,369,35,2025-07-08
184,7,71,16,2025-11-24
184,8,31,23,2025-07-27
185,1,112,30,2025-10-02
185,2,327,22,2025-12-20
185,3,264,21,2025-12-28
185,4,44,43,2025-12-05
185,5,330,50,2025-11-13
185,6,197,50,2025-11-21
185,7,36,13,2025-12-22
185,8,343,39,2025-08-05
186,1,342,48,2025-10-23
186,2,265,12,2025-08-11
186,3,228,10,2025-08-30
186,4,300,43,2025-07-30
186,5,91,18,2025-11-08
186,6,250,37,2025-08-16
186,7,307,12,2025-12-20
186,8,131,35,2025-07-10
187,1,350,20,2025-12-27
187,2,328,24,2025-11-16
187,3,211,47,2025-09-26
187,4,99,23,2025-09-30
187,5,53,11,2025-07-13
187,6,12,35,2025-07-15
187,7,358,26,2025-09-05
187,8,355,45,2025-10-04
188,1,181,18,2025-12-19
188,2,235,40,2025-11-26
188,3,295,40,2025-12-01
188,4,205,42,2025-08-18
188,5,365,37,2025-11-17
188,6,26,40,2025-07-23
188,7,188,11,2025-09-24
188,8,152,27,2025-09-12
189,1,311,37,2025-09-19
189,2,61,29,2025-09-19
189,3,228,27,2025-12-30
189,4,202,13,2025-12-24
189,5,274,36,2025-07-04
189,6,76,25,2025-08-23
189,7,276,48,2025-08-12
189,8,391,11,2025-08-28
190,1,158,37,2025-07-22
190,2,267,16,2025-09-05
190,3,307,28,2025-12-05
190,4,387,29,2025-08-07
190,5,48,48,2025-07-17
190,6,182,18,2025-10-10
190,7,230,14,2025-07-10
190,8,170,26,2025-10-14
191,1,14,13,2025-08-20
191,2,73,48,2025-12-09
191,3,188,33,2025-09-06
191,4,96,43,2025-10-05
191,5,375,32,2025-10-03
191,6,36,40,2025-10-29
191,7,381,39,2025-07-16
191,8,79,45,2025-08-23
192,1,101,19,2025-11-28
192,2,254,39,2025-11-29
192,3,32,50,2025-09-06
192,4,393,45,2025-08-06
192,5,243,35,2025-07-07
192,6,226,38,2025-07-30
192,7,385,36,2025-07-22
192,8,135,28,2025-09-17
193,1,170,49,2025-10-26
193,2,29,42,2025-09-04
193,3,379,13,2025-08-10
193,4,369,12,2025-08-16
193,5,34,23,2025-11-13
193,6,61,39,2025-09-13
193,7,91,12,2025-12-17
193,8,143,40,2025-11-28
194,1,29,22,2025-08-09
194,2,247,49,2025-08-25
194,3,276,26,2025-08-09
194,4,99,39,2025-07-28
194,5,197,47,2025-09-18
194,6,250,32,2025-09-21
194,7,5,14,2025-10-11
194,8,126,31,2025-12-05
195,1,119,32,2025-10-09
195,2,155,27,2025-09-02
195,3,212,45,2025-08-09
195,4,7,40,2025-11-14
195,5,391,13,2025-09-20
195,6,142,35,2025-11-30
195,7,97,50,2025-07-16
195,8,301,14,2025-07-07
196,1,361,37,2025-10-02
196,2,309,30,2025-11-02
196,3,27,41,2025-07-27
196,4,371,30,2025-11-01
196,5,176,19,2025-09-26
196,6,210,12,2025-08-02
196,7,244,24,2025-09-28
196,8,28,36,2025-07-11
197,1,298,49,2025-07-15
197,2,113,17,2025-11-03
197,3,91,18,2025-12-11
197,4,119,37,2025-10-25
197,5,158,10,2025-07-29
197,6,314,11,2025-10-23
197,7,121,46,2025-07-08
197,8,267,18,2025-10-13
198,1,238,16,2025-12-06
198,2,313,19,2025-10-17
198,3,278,33,2025-07-27
198,4,66,22,2025-08-07
198,5,149,12,2025-11-16
198,6,270,19,2025-09-25
198,7,319,42,2025-10-22
198,8,246,20,2025-07-12
199,1,280,15,2025-12-05
199,2,222,44,2025-12-05
199,3,231,45,2025-09-17
199,4,168,42,2025-09-06
199,5,100,39,2025-08-10
199,6,51,28,2025-07-20
199,7,321,43,2025-11-04
199,8,81,31,2025-07-06
200,1,194,31,2025-09-05
200,2,292,37,2025-11-20
200,3,257,27,2025-10-04
200,4,158,26,2025-09-19
200,5,168,48,2025-09-29
200,6,146,39,2025-08-29
200,7,324,32,2025-10-06
200,8,7,43,2025-09-22
201,1,80,37,2025-12-05
201,2,158,12,2025-10-16
201,3,155,44,2025-10-09
201,4,379,10,2025-11-21
201,5,377,14,2025-10-12
201,6,130,31,2025-12-20
201,7,115,12,2025-08-10
201,8,302,19,2025-07-08
202,1,381,23,2025-11-02
202,2,52,49,2025-08-30
202,3,51,10,2025-09-28
202,4,43,10,2025-08-16
202,5,219,50,2025-07-10
202,6,10,23,2025-11-04
202,7,56,31,2025-09-02
202,8,135,42,2025-07-07
203,1,85,44,2025-12-25
203,2,63,11,2025-07-09
203,3,164,31,2025-10-27
203,4,132,26,2025-07-15
203,5,247,16,2025-09-06
203,6,49,27,2025-09-10
203,7,129,19,2025-09-21
203,8,368,33,2025-07-14
204,1,203,50,2025-12-18
204,2,284,11,2025-12-19
204,3,289,15,2025-07-27
204,4,121,40,2025-11-19
204,5,176,36,2025-07-21
204,6,143,50,2025-07-04
204,7,286,15,2025-11-02
204,8,214,48,2025-09-02
205,1,209,12,2025-11-16
205,2,366,33,2025-10-15
205,3,351,37,2025-12-27
205,4,143,15,2025-12-23
205,5,338,16,2025-11-15
205,6,389,38,2025-08-27
205,7,327,38,2025-07-23
205,8,244,21,2025-07-29
206,1,202,24,2025-09-08
206,2,389,15,2025-09-24
206,3,64,46,2025-07-17
206,4,297,34,2025-07-30
206,5,224,21,2025-10-18
206,6,239,22,2025-07-23
206,7,170,16,2025-08-10
206,8,152,10,2025-09-07
207,1,240,18,2025-09-16
207,2,244,17,2025-12-12
207,3,261,27,2025-09-23
207,4,27,33,2025-08-26
207,5,216,23,2025-10-12
207,6,250,27,2025-07-30
207,7,3,15,2025-09-18
207,8,83,37,2025-08-20
208,1,274,42,2025-07-21
208,2,221,33,2025-08-03
208,3,203,46,2025-12-03
208,4,86,23,2025-08-08
208,5,141,25,2025-12-26
208,6,50,40,2025-11-22
208,7,39,27,2025-10-16
208,8,280,36,2025-09-11
209,1,17,43,2025-07-20
209,2,118,39,2025-12-21
209,3,137,25,2025-12-23
209,4,153,15,2025-09-27
209,5,54,34,2025-08-24
209,6,14,28,2025-08-15
209,7,215,21,2025-08-07
209,8,256,47,2025-08-05
210,1,285,36,2025-07-22
210,2,327,17,2025-11-30
210,3,21,38,2025-09-15
210,4,223,25,2025-11-06
210,5,26,14,2025-09-24
210,6,45,14,2025-07-31
210,7,319,29,2025-10-14
210,8,222,17,2025-10-20
211,1,189,34,2025-12-09
211,2,254,19,2025-11-17
211,3,50,49,2025-09-25
211,4,372,43,2025-12-14
211,5,331,10,2025-12-04
211,6,287,42,2025-07-13
211,7,304,25,2025-07-15
211,8,324,37,2025-09-12
212,1,261,28,2025-09-03
212,2,233,24,2025-08-05
212,3,400,37,2025-12-28
212,4,12,15,2025-11-17
212,5,87,21,2025-08-20
212,6,386,15,2025-11-20
212,7,312,46,2025-08-20
212,8,4,25,2025-09-02
213,1,178,39,2025-12-10
213,2,388,34,2025-12-24
213,3,108,17,2025-07-22
213,4,91,24,2025-09-17
213,5,118,45,2025-12-05
213,6,108,46,2025-08-16
213,7,137,46,2025-10-18
213,8,319,47,2025-10-26
214,1,297,17,2025-11-03
214,2,263,21,2025-10-23
214,3,271,44,2025-11-09
214,4,85,38,2025-12-11
214,5,86,48,2025-10-05
214,6,279,35,2025-09-14
214,7,61,28,2025-12-21
214,8,11,50,2025-09-25
215,1,234,48,2025-09-14
215,2,58,30,2025-08-24
215,3,269,25,2025-11-24
215,4,321,28,2025-11-11
215,5,307,47,2025-08-10
215,6,9,44,2025-08-20
215,7,345,30,2025-12-14
215,8,143,38,2025-11-25
216,1,231,35,2025-10-29
216,2,21,20,2025-07-29
216,3,276,30,2025-08-15
216,4,124,41,2025-07-20
216,5,318,48,2025-07-04
216,6,207,30,2025-10-15
216,7,231,48,2025-08-08
216,8,154,21,2025-09-16
217,1,65,26,2025-08-20
217,2,16,11,2025-12-04
217,3,201,45,2025-09-01
217,4,289,34,2025-07-08
217,5,237,27,2025-10-05
217,6,320,50,2025-07-12
217,7,364,30,2025-11-15
217,8,290,31,2025-09-01
218,1,339,17,2025-11-30
218,2,175,20,2025-09-10
218,3,85,23,2025-08-30
218,4,73,28,2025-11-17
218,5,292,29,2025-11-28
218,6,27,27,2025-12-29
218,7,262,31,2025-11-08
218,8,314,38,2025-07-18
219,1,203,14,2025-10-31
219,2,180,45,2025-09-08
219,3,262,21,2025-10-06
219,4,344,26,2025-11-16
219,5,371,22,2025-10-14
219,6,73,38,2025-09-13
219,7,353,21,2025-07-19
219,8,257,18,2025-09-21
220,1,182,11,2025-08-03
220,2,365,32,2025-11-12
220,3,321,37,2025-10-11
220,4,22,15,2025-09-27
220,5,118,17,2025-08-30
220,6,356,48,2025-12-16
220,7,62,49,2025-10-26
220,8,59,28,2025-07-09
221,1,390,45,2025-08-13
221,2,323,22,2025-08-12
221,3,336,15,2025-12-23
221,4,393,49,2025-10-09
221,5,220,19,2025-10-30
221,6,400,15,2025-11-30
221,7,23,41,2025-10-23
221,8,393,32,2025-07-09
222,1,391,21,2025-07-10
222,2,62,33,2025-09-05
222,3,223,32,2025-11-04
222,4,16,39,2025-09-25
222,5,225,49,2025-07-10
222,6,317,45,2025-07-14
222,7,241,44,2025-10-05
222,8,166,49,2025-07-04
223,1,104,23,2025-11-16
223,2,313,18,2025-09-23
223,3,362,19,2025-08-28
223,4,319,49,2025-11-02
223,5,324,35,2025-07-08
223,6,165,32,2025-12-06
223,7,125,39,2025-07-16
223,8,305,38,2025-07-17
224,1,322,35,2025-09-01
224,2,176,10,2025-07-11
224,3,399,21,2025-10-26
224,4,38,45,2025-10-09
224,5,45,47,2025-11-23
224,6,274,43,2025-12-30
224,7,88,36,2025-12-21
224,8,375,10,2025-09-28
225,1,381,23,2025-11-15
225,2,222,30,2025-09-01
225,3,353,29,2025-07-13
225,4,346,32,2025-07-31
225,5,49,35,2025-07-31
225,6,144,30,2025-10-22
225,7,318,17,2025-09-13
225,8,95,24,2025-10-25
226,1,127,18,2025-11-30
226,2,250,40,2025-10-21
226,3,78,49,2025-09-24
226,4,169,33,2025-10-05
226,5,376,34,2025-08-20
226,6,248,27,2025-08-12
226,7,344,34,2025-08-13
226,8,2,23,2025-10-14
227,1,368,32,2025-12-16
227,2,268,26,2025-07-11
227,3,170,50,2025-08-29
227,4,102,24,2025-09-25
227,5,228,38,2025-09-13
227,6,311,46,2025-09-22
227,7,346,22,2025-11-10
227,8,383,47,2025-10-20
228,1,304,30,2025-11-15
228,2,399,10,2025-08-27
228,3,317,19,2025-09-14
228,4,13,16,2025-10-05
228,5,247,19,2025-11-02
228,6,122,47,2025-08-23
228,7,9,17,2025-11-03
228,8,388,27,2025-12-24
229,1,36,14,2025-09-28
229,2,55,20,2025-12-16
229,3,343,14,2025-09-18
229,4,155,34,2025-12-08
229,5,100,26,2025-10-14
229,6,340,39,2025-08-26
229,7,322,16,2025-09-28
229,8,24,36,2025-10-21
230,1,22,38,2025-10-22
230,2,52,31,2025-10-13
230,3,177,28,2025-09-02
230,4,379,46,2025-10-03
230,5,78,31,2025-07-13
230,6,328,14,2025-12-24
230,7,32,38,2025-07-20
230,8,54,11,2025-12-05
231,1,77,21,2025-10-12
231,2,74,27,2025-07-20
231,3,43,24,2025-09-16
231,4,352,13,2025-12-14
231,5,350,26,2025-07-15
231,6,187,37,2025-07-28
231,7,88,39,2025-09-18
231,8,387,27,2025-12-18
232,1,22,37,2025-11-08
232,2,137,10,2025-10-11
232,3,13,47,2025-09-29
232,4,242,35,2025-12-13
232,5,12,36,2025-10-03
232,6,96,32,2025-12-30
232,7,224,49,2025-09-13
232,8,22,49,2025-10-31
233,1,193,39,2025-11-02
233,2,14,22,2025-07-24
233,3,125,23,2025-07-12
233,4,214,28,2025-11-18
233,5,132,47,2025-09-27
233,6,293,20,2025-07-06
233,7,97,45,2025-11-03
233,8,186,43,2025-12-19
234,1,210,12,2025-10-14
234,2,328,47,2025-11-01
234,3,183,20,2025-11-12
234,4,363,28,2025-10-20
234,5,224,39,2025-08-12
234,6,149,13,2025-11-08
234,7,61,40,2025-09-29
234,8,189,21,2025-07-26
235,1,100,36,2025-08-04
235,2,66,16,2025-08-11
235,3,315,44,2025-10-19
235,4,14,31,2025-12-26
235,5,132,23,2025-10-14
235,6,163,10,2025-09-02
235,7,188,31,2025-08-07
235,8,8,20,2025-10-26
236,1,157,45,2025-10-23
236,2,97,28,2025-10-11
236,3,344,39,2025-12-03
236,4,203,42,2025-10-03
236,5,13,49,2025-10-17
236,6,289,25,2025-08-02
236,7,306,26,2025-12-16
236,8,366,49,2025-09-22
237,1,363,40,2025-08-01
237,2,105,29,2025-10-14
237,3,369,32,2025-07-06
237,4,230,22,2025-07-14
237,5,181,42,2025-08-22
237,6,155,45,2025-09-08
237,7,181,11,2025-08-30
237,8,116,45,2025-09-12
238,1,145,19,2025-10-05
238,2,318,29,2025-09-29
238,3,342,29,2025-07-04
238,4,287,46,2025-10-21
238,5,193,31,2025-12-29
238,6,99,33,2025-09-22
238,7,214,46,2025-09-25
238,8,46,41,2025-12-09
239,1,253,24,2025-10-30
239,2,337,36,2025-08-30
239,3,223,39,2025-10-22
239,4,241,29,2025-11-25
239,5,94,31,2025-10-25
239,6,113,25,2025-10-02
239,7,234,40,2025-10-25
239,8,187,25,2025-08-04
240,1,360,38,2025-09-11
240,2,266,35,2025-10-14
240,3,389,43,2025-08-07
240,4,381,19,2025-12-11
240,5,302,13,2025-08-02
240,6,354,14,2025-10-26
240,7,36,25,2025-10-09
240,8,370,44,2025-11-13
241,1,204,31,2025-09-09
241,2,310,49,2025-12-22
241,3,371,49,2025-07-06
241,4,38,36,2025-12-24
241,5,166,36,2025-12-06
241,6,312,29,2025-10-05
241,7,250,49,2025-10-03
241,8,52,13,2025-09-06
242,1,295,14,2025-09-28
242,2,266,10,2025-07-26
242,3,367,24,2025-07-05
242,4,170,44,2025-10-05
242,5,107,43,2025-12-08
242,6,194,16,2025-11-16
242,7,373,39,2025-09-08
242,8,348,46,2025-11-24
243,1,34,31,2025-09-03
243,2,228,31,2025-08-07
243,3,372,45,2025-12-03
243,4,0,45,2025-10-18
243,5,335,44,2025-08-17
243,6,398,39,2025-07-15
243,7,261,47,2025-08-25
243,8,238,10,2025-08-22
244,1,177,19,2025-08-12
244,2,356,49,2025-09-22
244,3,126,40,2025-10-14
244,4,206,28,2025-11-30
244,5,193,48,2025-12-11
244,6,204,20,2025-10-11
244,7,147,33,2025-10-24
244,8,127,35,2025-07-21
245,1,6,35,2025-08-15
245,2,126,41,2025-12-02
245,3,383,49,2025-08-21
245,4,339,23,2025-09-07
245,5,179,33,2025-11-14
245,6,22,36,2025-08-10
245,7,137,22,2025-09-17
245,8,163,16,2025-09-24
246,1,297,16,2025-12-29
246,2,249,22,2025-08-28
246,3,400,18,2025-09-27
246,4,172,50,2025-08-06
246,5,65,20,2025-11-13
246,6,331,47,2025-09-02
246,7,97,32,2025-12-05
246,8,268,40,2025-12-03
247,1,41,14,2025-07-04
247,2,212,34,2025-10-03
247,3,385,37,2025-08-15
247,4,255,13,2025-10-19
247,5,15,25,2025-12-29
247,6,200,42,2025-12-25
247,7,142,19,2025-12-10
247,8,375,44,2025-11-17
248,1,28,30,2025-09-04
248,2,194,12,2025-12-29
248,3,323,40,2025-07-31
248,4,168,11,2025-12-20
248,5,279,27,2025-11-20
248,6,205,36,2025-08-12
248,7,119,18,2025-11-02
248,8,67,35,2025-12-30
249,1,15,45,2025-09-05
249,2,263,47,2025-08-22
249,3,33,11,2025-08-30
249,4,143,36,2025-07-20
249,5,331,25,2025-09-24
249,6,113,20,2025-10-18
249,7,135,26,2025-07-27
249,8,310,48,2025-12-23
250,1,270,27,2025-10-29
250,2,100,30,2025-09-09
250,3,194,25,2025-07-14
250,4,71,23,2025-12-31
250,5,312,29,2025-11-12
250,6,395,15,2025-08-20
250,7,364,36,2025-09-20
250,8,203,19,2025-12-04
251,1,390,26,2025-07-20
251,2,144,27,2025-07-30
251,3,54,19,2025-10-14
251,4,132,50,2025-08-01
251,5,192,20,2025-09-24
251,6,140,49,2025-09-20
251,7,90,31,2025-07-28
251,8,293,36,2025-11-09
252,1,306,38,2025-10-08
252,2,233,37,2025-11-17
252,3,239,45,2025-07-09
252,4,207,30,2025-10-31
252,5,233,43,2025-10-09
252,6,63,14,2025-08-03
252,7,177,31,2025-08-12
252,8,270,35,2025-12-22
253,1,78,23,2025-07-15
253,2,18,21,2025-11-29
253,3,337,46,2025-09-03
253,4,173,46,2025-09-22
253,5,36,18,2025-08-08
253,6,277,38,2025-10-09
253,7,101,10,2025-12-12
253,8,94,35,2025-11-07
254,1,184,25,2025-10-01
254,2,196,17,2025-12-21
254,3,158,32,2025-12-09
254,4,117,40,2025-08-24
254,5,369,34,2025-12-23
254,6,43,28,2025-09-03
254,7,147,19,2025-07-06
254,8,102,44,2025-09-17
255,1,66,29,2025-08-08
255,2,302,15,2025-08-24
255,3,54,23,2025-12-15
255,4,286,10,2025-12-02
255,5,21,20,2025-12-29
255,6,190,29,2025-09-02
255,7,172,27,2025-11-15
255,8,338,50,2025-10-03
256,1,113,13,2025-07-21
256,2,199,24,2025-12-16
256,3,10,50,2025-08-20
256,4,169,35,2025-09-23
256,5,180,30,2025-09-26
256,6,268,28,2025-11-16
256,7,3,41,2025-08-27
256,8,323,44,2025-12-11
257,1,160,33,2025-12-31
257,2,384,42,2025-08-07
257,3,159,17,2025-10-30
257,4,203,43,2025-12-06
257,5,318,12,2025-10-31
257,6,277,17,2025-12-10
257,7,182,16,2025-07-18
257,8,290,28,2025-07-21
258,1,109,22,2025-11-07
258,2,371,47,2025-07-15
258,3,394,11,2025-07-25
258,4,246,20,2025-07-07
258,5,371,26,2025-11-20
258,6,286,14,2025-09-10
258,7,304,34,2025-07-14
258,8,207,40,2025-09-05
259,1,14,10,2025-10-14
259,2,128,29,2025-12-19
259,3,359,37,2025-12-07
259,4,263,32,2025-08-15
259,5,176,48,2025-09-30
259,6,114,10,2025-12-22
259,7,73,20,2025-10-18
259,8,220,36,2025-09-26
260,1,333,39,2025-09-20
260,2,298,23,2025-09-15
260,3,169,23,2025-10-24
260,4,180,49,2025-10-16
260,5,160,49,2025-12-10
260,6,137,22,2025-09-13
260,7,75,26,2025-12-05
260,8,232,35,2025-10-16
261,1,161,47,2025-09-13
261,2,23,35,2025-10-03
261,3,8,26,2025-07-16
261,4,265,26,2025-11-12
261,5,23,43,2025-11-08
261,6,266,37,2025-08-09
261,7,63,21,2025-09-12
261,8,342,47,2025-07-22
262,1,171,50,2025-09-18
262,2,40,29,2025-11-21
262,3,274,19,2025-09-09
262,4,203,44,2025-08-17
262,5,174,25,2025-11-20
262,6,310,13,2025-11-01
262,7,277,35,2025-07-17
262,8,32,16,2025-10-04
263,1,159,13,2025-09-25
263,2,396,18,2025-07-28
263,3,175,35,2025-10-12
263,4,141,30,2025-11-22
263,5,197,31,2025-11-16
263,6,319,14,2025-09-23
263,7,29,43,2025-08-01
263,8,339,41,2025-08-09
264,1,14,20,2025-10-30
264,2,145,38,2025-09-24
264,3,236,12,2025-07-31
264,4,361,12,2025-12-27
264,5,377,50,2025-12-01
264,6,288,15,2025-09-08
264,7,312,43,2025-10-13
264,8,39,20,2025-08-02
265,1,393,10,2025-09-19
265,2,38,33,2025-07-18
265,3,232,10,2025-11-07
265,4,393,37,2025-08-29
265,5,25,44,2025-11-17
265,6,132,21,2025-11-09
265,7,222,25,2025-08-10
265,8,77,47,2025-11-13
266,1,335,27,2025-07-17
266,2,224,47,2025-09-09
266,3,44,42,2025-08-09
266,4,378,45,2025-09-17
266,5,377,14,2025-12-26
266,6,340,28,2025-11-25
266,7,171,30,2025-07-17
266,8,270,36,2025-08-25
267,1,262,25,2025-10-15
267,2,28,28,2025-11-19
267,3,201,50,2025-09-20
267,4,163,41,2025-09-07
267,5,350,23,2025-11-07
267,6,123,41,2025-12-28
267,7,219,48,2025-12-10
267,8,185,25,2025-08-21
268,1,363,28,2025-11-21
268,2,378,24,2025-08-19
268,3,204,21,2025-09-22
268,4,316,44,2025-07-21
268,5,171,14,2025-08-05
268,6,164,44,2025-09-28
268,7,358,36,2025-10-03
268,8,249,17,2025-12-22
269,1,120,32,2025-10-18
269,2,370,47,2025-11-09
269,3,198,25,2025-10-05
269,4,134,46,2025-10-09
269,5,239,45,2025-08-24
269,6,280,41,2025-11-03
269,7,70,37,2025-07-17
269,8,352,10,2025-09-02
270,1,280,48,2025-08-09
270,2,316,34,2025-11-07
270,3,133,28,2025-10-11
270,4,171,13,2025-11-06
270,5,150,21,2025-10-26
270,6,269,47,2025-08-22
270,7,378,20,2025-08-07
270,8,143,14,2025-12-06
271,1,99,20,2025-11-24
271,2,266,33,2025-10-02
271,3,110,31,2025-08-04
271,4,274,26,2025-09-11
271,5,339,14,2025-08-03
271,6,335,32,2025-09-14
271,7,305,41,2025-11-20
271,8,245,13,2025-07-30
272,1,383,17,2025-11-23
272,2,136,40,2025-10-09
272,3,374,15,2025-11-05
272,4,128,26,2025-12-16
272,5,281,43,2025-10-29
272,6,17,41,2025-12-20
272,7,122,50,2025-09-09
272,8,64,22,2025-07-29
273,1,295,44,2025-12-04
273,2,341,31,2025-08-05
273,3,248,24,2025-12-01
273,4,311,31,2025-10-30
273,5,138,44,2025-10-02
273,6,210,15,2025-09-06
273,7,116,41,2025-08-18
273,8,293,49,2025-09-22
274,1,139,20,2025-12-06
274,2,223,12,2025-10-07
274,3,148,50,2025-08-22
274,4,259,19,2025-11-06
274,5,207,10,2025-11-21
274,6,77,50,2025-08-05
274,7,372,46,2025-08-11
274,8,101,20,2025-08-31
275,1,194,13,2025-07-17
275,2,62,42,2025-09-18
275,3,215,18,2025-12-26
275,4,368,10,2025-11-26
275,5,396,48,2025-09-06
275,6,304,23,2025-10-23
275,7,278,48,2025-10-22
275,8,193,35,2025-07-15
276,1,19,14,2025-12-21
276,2,351,49,2025-10-04
276,3,101,17,2025-08-29
276,4,82,42,2025-10-05
276,5,105,47,2025-08-24
276,6,374,45,2025-07-31
276,7,19,33,2025-07-24
276,8,253,47,2025-11-06
277,1,17,25,2025-10-30
277,2,206,21,2025-11-24
277,3,12,42,2025-08-19
277,4,310,42,2025-12-26
277,5,392,21,2025-08-20
277,6,251,38,2025-09-29
277,7,153,10,2025-10-26
277,8,239,11,2025-09-19
278,1,172,41,2025-12-05
278,2,96,34,2025-09-09
278,3,157,22,2025-11-10
278,4,267,35,2025-08-29
278,5,170,49,2025-12-09
278,6,80,13,2025-09-16
278,7,112,29,2025-07-28
278,8,305,11,2025-10-16
279,1,233,21,2025-09-25
279,2,282,22,2025-10-02
279,3,342,40,2025-12-08
279,4,332,31,2025-12-20
279,5,389,41,2025-09-18
279,6,121,40,2025-12-10
279,7,156,48,2025-07-30
279,8,242,35,2025-07-10
280,1,160,42,2025-12-08
280,2,84,14,2025-11-12
280,3,8,38,2025-12-11
280,4,310,40,2025-08-20
280,5,117,38,2025-12-25
280,6,179,16,2025-08-08
280,7,203,29,2025-11-14
280,8,64,15,2025-12-11
281,1,41,41,2025-11-22
281,2,264,37,2025-12-23
281,3,99,37,2025-08-26
281,4,165,48,2025-12-23
281,5,136,15,2025-07-22
281,6,146,38,2025-12-04
281,7,346,28,2025-09-16
281,8,194,18,2025-10-15
282,1,114,26,2025-07-21
282,2,136,14,2025-11-25
282,3,11,23,2025-11-24
282,4,272,43,2025-09-14
282,5,76,43,2025-10-28
282,6,349,10,2025-10-28
282,7,341,12,2025-12-13
282,8,67,49,2025-07-20
283,1,392,31,2025-08-17
283,2,90,13,2025-11-26
283,3,108,44,2025-12-13
283,4,230,30,2025-07-15
283,5,161,14,2025-09-27
283,6,309,16,2025-10-03
283,7,235,49,2025-07-23
283,8,252,27,2025-08-22
284,1,4,38,2025-11-21
284,2,193,17,2025-12-03
284,3,253,39,2025-08-08
284,4,202,34,2025-10-13
284,5,22,50,2025-10-15
284,6,288,38,2025-08-28
284,7,153,16,2025-10-16
284,8,220,28,2025-07-13
285,1,263,46,2025-07-16
285,2,289,30,2025-12-01
285,3,191,40,2025-12-03
285,4,208,35,2025-11-29
285,5,300,47,2025-07-25
285,6,305,16,2025-10-05
285,7,218,33,2025-08-05
285,8,360,33,2025-09-08
286,1,355,33,2025-09-23
286,2,59,27,2025-09-11
286,3,340,40,2025-07-28
286,4,326,21,2025-09-16
286,5,39,29,2025-08-19
286,6,395,45,2025-12-25
286,7,331,45,2025-09-27
286,8,375,16,2025-08-21
287,1,287,20,2025-07-16
287,2,235,12,2025-12-30
287,3,29,50,2025-11-13
287,4,194,16,2025-11-22
287,5,56,21,2025-09-29
287,6,300,42,2025-12-04
287,7,318,37,2025-08-16
287,8,229,13,2025-10-02
288,1,42,15,2025-12-04
288,2,193,18,2025-08-21
288,3,268,40,2025-07-20
288,4,86,44,2025-12-25
288,5,315,30,2025-12-03
288,6,298,10,2025-12-30
288,7,95,13,2025-10-16
288,8,386,46,2025-11-30
289,1,50,49,2025-09-28
289,2,352,40,2025-09-10
289,3,57,25,2025-07-10
289,4,211,49,2025-09-11
289,5,264,27,2025-08-08
289,6,109,21,2025-11-09
289,7,41,21,2025-12-17
289,8,38,12,2025-09-01
290,1,398,26,2025-07-22
290,2,227,41,2025-10-22
290,3,256,38,2025-08-14
290,4,157,18,2025-12-10
290,5,126,11,2025-07-31
290,6,246,17,2025-11-15
290,7,337,15,2025-09-22
290,8,113,46,2025-09-09
291,1,207,46,2025-07-21
291,2,271,47,2025-12-02
291,3,199,18,2025-11-07
291,4,109,29,2025-10-15
291,5,37,45,2025-11-19
291,6,167,32,2025-11-08
291,7,129,36,2025-11-12
291,8,97,17,2025-12-18
292,1,118,17,2025-11-19
292,2,123,25,2025-09-16
292,3,122,33,2025-08-20
292,4,233,43,2025-10-22
292,5,228,40,2025-11-19
292,6,172,46,2025-12-20
292,7,273,46,2025-12-30
292,8,65,13,2025-12-12
293,1,230,10,2025-07-05
293,2,264,12,2025-08-17
293,3,312,25,2025-11-06
293,4,357,39,2025-09-24
293,5,11,17,2025-12-15
293,6,161,10,2025-10-14
293,7,48,36,2025-08-05
293,8,61,12,2025-08-04
294,1,365,45,2025-11-14
294,2,223,42,2025-07-10
294,3,84,15,2025-11-20
294,4,38,14,2025-10-15
294,5,136,24,2025-12-27
294,6,376,26,2025-07-17
294,7,77,16,2025-08-17
294,8,258,13,2025-12-22
295,1,349,24,2025-09-27
295,2,140,29,2025-11-01
295,3,231,25,2025-11-23
295,4,214,19,2025-09-30
295,5,86,44,2025-09-22
295,6,232,11,2025-10-16
295,7,266,43,2025-11-27
295,8,329,36,2025-09-18
296,1,62,24,2025-08-05
296,2,377,36,2025-09-26
296,3,112,22,2025-10-01
296,4,221,22,2025-07-08
296,5,327,31,2025-11-12
296,6,378,50,2025-10-16
296,7,135,43,2025-12-08
296,8,101,29,2025-11-01
297,1,180,10,2025-10-13
297,2,54,28,2025-09-26
297,3,328,39,2025-09-28
297,4,81,38,2025-12-10
297,5,93,44,2025-09-19
297,6,276,40,2025-11-23
297,7,184,23,2025-10-08
297,8,188,28,2025-12-14
298,1,106,48,2025-11-03
298,2,169,40,2025-11-07
298,3,322,10,2025-08-04
298,4,369,10,2025-09-13
298,5,116,32,2025-08-25
298,6,337,12,2025-11-07
298,7,168,30,2025-10-12
298,8,14,35,2025-07-23
299,1,279,44,2025-07-16
299,2,327,36,2025-12-06
299,3,55,46,2025-07-09
299,4,397,17,2025-11-20
299,5,345,12,2025-12-08
299,6,56,37,2025-07-18
299,7,16,46,2025-10-20
299,8,153,47,2025-09-14
300,1,99,45,2025-08-31
300,2,106,41,2025-11-11
300,3,247,11,2025-10-03
300,4,34,16,2025-11-09
300,5,64,37,2025-07-24
300,6,123,28,2025-10-01
300,7,318,41,2025-07-30
300,8,12,31,2025-12-11
301,1,130,26,2025-08-05
301,2,136,49,2025-10-18
301,3,92,34,2025-11-13
301,4,400,30,2025-07-25
301,5,230,15,2025-08-01
301,6,370,26,2025-08-09
301,7,91,41,2025-07-13
301,8,224,41,2025-07-09
302,1,174,47,2025-10-02
302,2,35,31,2025-08-01
302,3,47,22,2025-11-14
302,4,7,33,2025-07-31
302,5,303,42,2025-10-06
302,6,119,39,2025-11-28
302,7,46,50,2025-09-28
302,8,51,44,2025-12-16
303,1,385,46,2025-08-23
303,2,200,26,2025-10-04
303,3,379,48,2025-12-31
303,4,151,16,2025-12-01
303,5,34,26,2025-11-05
303,6,49,49,2025-07-29
303,7,335,45,2025-12-18
303,8,302,45,2025-10-28
304,1,216,39,2025-08-08
304,2,257,10,2025-08-01
304,3,53,35,2025-07-16
304,4,396,19,2025-12-24
304,5,74,23,2025-12-04
304,6,103,27,2025-07-09
304,7,5,21,2025-10-25
304,8,309,26,2025-12-18
305,1,1,50,2025-07-22
305,2,302,16,2025-11-08
305,3,354,50,2025-12-29
305,4,305,20,2025-10-03
305,5,152,21,2025-12-07
305,6,396,19,2025-12-31
305,7,97,20,2025-09-08
305,8,307,45,2025-12-31
306,1,116,39,2025-08-24
306,2,308,16,2025-08-27
306,3,378,28,2025-08-19
306,4,163,36,2025-11-26
306,5,118,27,2025-12-15
306,6,303,45,2025-11-07
306,7,169,14,2025-07-12
306,8,96,16,2025-11-22
307,1,349,12,2025-12-30
307,2,335,10,2025-08-23
307,3,148,22,2025-10-28
307,4,103,39,2025-08-01
307,5,323,39,2025-10-15
307,6,243,33,2025-09-05
307,7,33,26,2025-09-26
307,8,38,44,2025-07-04
308,1,85,27,2025-12-03
308,2,269,11,2025-12-31
308,3,95,43,2025-11-26
308,4,385,27,2025-11-23
308,5,124,30,2025-12-25
308,6,88,22,2025-11-29
308,7,337,38,2025-09-04
308,8,360,18,2025-10-01
309,1,182,31,2025-12-02
309,2,74,35,2025-07-04
309,3,102,38,2025-09-14
309,4,181,45,2025-11-14
309,5,370,38,2025-10-27
309,6,27,37,2025-08-07
309,7,373,28,2025-11-06
309,8,176,39,2025-08-07
310,1,170,25,2025-09-13
310,2,94,26,2025-09-07
310,3,307,26,2025-08-05
310,4,321,31,2025-08-18
310,5,8,43,2025-12-10
310,6,308,29,2025-10-19
310,7,231,32,2025-08-27
310,8,193,33,2025-12-23
311,1,47,44,2025-12-26
311,2,382,42,2025-10-20
311,3,243,23,2025-08-10
311,4,238,13,2025-07-08
311,5,294,45,2025-10-23
311,6,268,23,2025-10-11
311,7,281,27,2025-12-10
311,8,87,45,2025-10-21
312,1,27,47,2025-08-23
312,2,34,49,2025-07-24
312,3,140,28,2025-10-21
312,4,154,40,2025-11-23
312,5,66,20,2025-07-28
312,6,192,26,2025-08-10
312,7,263,45,2025-11-13
312,8,328,10,2025-12-12
313,1,320,23,2025-08-09
313,2,99,30,2025-07-15
313,3,0,24,2025-11-26
313,4,230,32,2025-11-11
313,5,382,30,2025-12-16
313,6,256,19,2025-12-24
313,7,87,14,2025-10-16
313,8,17,49,2025-07-06
314,1,349,36,2025-07-18
314,2,182,43,2025-10-22
314,3,368,31,2025-09-12
314,4,144,31,2025-10-03
314,5,44,10,2025-07-12
314,6,122,44,2025-12-17
314,7,235,22,2025-09-10
314,8,2,20,2025-10-19
315,1,242,21,2025-08-26
315,2,290,26,2025-08-17
315,3,182,48,2025-10-05
315,4,213,39,2025-09-24
315,5,226,36,2025-08-22
315,6,230,22,2025-11-16
315,7,75,26,2025-10-20
315,8,246,44,2025-08-24
316,1,146,27,2025-09-11
316,2,289,35,2025-08-29
316,3,114,11,2025-07-16
316,4,323,44,2025-11-14
316,5,29,23,2025-07-14
316,6,360,16,2025-11-13
316,7,356,12,2025-09-17
316,8,145,25,2025-10-19
317,1,67,41,2025-11-29
317,2,367,20,2025-07-12
317,3,112,32,2025-07-24
317,4,169,36,2025-10-17
317,5,207,11,2025-10-09
317,6,61,13,2025-08-25
317,7,150,30,2025-10-31
317,8,236,36,2025-10-08
318,1,180,25,2025-07-26
318,2,89,40,2025-09-29
318,3,113,50,2025-08-28
318,4,183,14,2025-10-05
318,5,140,35,2025-11-11
318,6,373,44,2025-07-13
318,7,10,22,2025-09-04
318,8,100,25,2025-11-26
319,1,375,45,2025-08-21
319,2,10,10,2025-11-04
319,3,116,20,2025-08-30
319,4,343,27,2025-11-27
319,5,49,45,2025-12-26
319,6,9,48,2025-12-23
319,7,389,43,2025-12-24
319,8,140,22,2025-10-12
320,1,43,35,2025-07-30
320,2,170,18,2025-07-19
320,3,67,40,2025-09-06
320,4,283,46,2025-08-24
320,5,276,11,2025-12-22
320,6,260,32,2025-07-10
320,7,304,12,2025-08-05
320,8,297,24,2025-11-15
321,1,67,25,2025-08-24
321,2,333,25,2025-12-16
321,3,208,46,2025-10-09
321,4,191,25,2025-12-07
321,5,228,14,2025-10-23
321,6,311,40,2025-09-22
321,7,197,47,2025-12-26
321,8,97,10,2025-10-28
322,1,56,14,2025-11-29
322,2,79,37,2025-10-30
322,3,217,20,2025-11-16
322,4,288,36,2025-09-19
322,5,375,38,2025-11-12
322,6,275,26,2025-08-18
322,7,379,41,2025-09-19
322,8,348,18,2025-12-02
323,1,125,41,2025-08-15
323,2,392,41,2025-11-25
323,3,241,29,2025-12-30
323,4,297,23,2025-11-15
323,5,198,17,2025-12-06
323,6,41,23,2025-11-17
323,7,246,45,2025-07-08
323,8,160,33,2025-11-28
324,1,302,16,2025-11-27
324,2,124,37,2025-07-30
324,3,90,41,2025-08-18
324,4,396,48,2025-09-27
324,5,204,43,2025-11-26
324,6,373,38,2025-11-01
324,7,138,33,2025-08-15
324,8,202,48,2025-11-25
325,1,313,42,2025-09-30
325,2,114,17,2025-12-12
325,3,32,45,2025-12-27
325,4,45,41,2025-09-04
325,5,266,42,2025-10-11
325,6,345,29,2025-12-04
325,7,2,33,2025-10-21
325,8,172,14,2025-09-20
326,1,338,16,2025-12-29
326,2,29,48,2025-11-05
326,3,42,41,2025-08-23
326,4,171,20,2025-09-07
326,5,282,46,2025-11-27
326,6,18,27,2025-08-03
326,7,8,33,2025-08-31
326,8,156,28,2025-10-17
327,1,400,43,2025-08-12
327,2,270,11,2025-07-25
327,3,262,10,2025-11-15
327,4,303,25,2025-11-14
327,5,393,11,2025-10-09
327,6,39,41,2025-09-15
327,7,86,47,2025-11-23
327,8,371,41,2025-08-17
328,1,125,10,2025-07-19
328,2,150,26,2025-08-25
328,3,287,11,2025-10-29
328,4,196,32,2025-10-25
328,5,160,42,2025-08-25
328,6,323,12,2025-11-24
328,7,126,34,2025-07-15
328,8,4,50,2025-09-29
329,1,396,21,2025-07-04
329,2,160,38,2025-08-12
329,3,260,41,2025-09-26
329,4,237,35,2025-12-29
329,5,93,39,2025-11-01
329,6,47,46,2025-07-27
329,7,56,35,2025-10-20
329,8,344,29,2025-10-18
330,1,247,19,2025-10-18
330,2,352,27,2025-11-14
330,3,24,22,2025-10-02
330,4,354,11,2025-11-21
330,5,49,48,2025-11-11
330,6,61,17,2025-09-03
330,7,134,20,2025-11-06
330,8,229,10,2025-07-05
331,1,148,10,2025-12-22
331,2,388,47,2025-11-06
331,3,10,50,2025-11-17
331,4,222,26,2025-08-10
331,5,240,11,2025-07-22
331,6,324,23,2025-07-20
331,7,158,12,2025-09-21
331,8,78,17,2025-09-15
332,1,41,21,2025-08-08
332,2,52,15,2025-07-04
332,3,132,14,2025-08-04
332,4,75,18,2025-12-19
332,5,275,44,2025-09-19
332,6,288,42,2025-08-26
332,7,341,47,2025-11-28
332,8,325,19,2025-11-09
333,1,339,28,2025-08-10
333,2,298,13,2025-08-26
333,3,51,43,2025-12-15
333,4,399,48,2025-11-30
333,5,221,44,2025-10-06
333,6,40,49,2025-11-06
333,7,75,25,2025-07-11
333,8,18,23,2025-09-01
334,1,132,39,2025-11-16
334,2,141,40,2025-08-10
334,3,350,50,2025-11-05
334,4,266,44,2025-09-17
334,5,269,41,2025-11-01
334,6,278,43,2025-07-11
334,7,272,43,2025-08-14
334,8,110,19,2025-09-22
335,1,134,38,2025-08-27
335,2,240,41,2025-09-12
335,3,256,26,2025-10-29
335,4,305,43,2025-12-20
335,5,83,46,2025-10-20
335,6,298,19,2025-08-23
335,7,96,13,2025-07-10
335,8,117,40,2025-10-14
336,1,322,46,2025-10-05
336,2,197,36,2025-12-24
336,3,257,32,2025-09-16
336,4,15,34,2025-08-28
336,5,28,11,2025-08-06
336,6,53,10,2025-08-06
336,7,111,11,2025-11-14
336,8,50,12,2025-08-26
337,1,274,30,2025-08-10
337,2,169,13,2025-09-01
337,3,280,35,2025-10-29
337,4,67,48,2025-09-20
337,5,128,37,2025-11-06
337,6,276,21,2025-07-16
337,7,24,21,2025-09-01
337,8,338,35,2025-11-20
338,1,373,46,2025-12-02
338,2,153,24,2025-09-18
338,3,176,11,2025-11-03
338,4,187,23,2025-12-23
338,5,39,14,2025-11-09
338,6,43,42,2025-11-06
338,7,126,48,2025-12-20
338,8,302,25,2025-11-09
339,1,74,28,2025-12-20
339,2,177,12,2025-09-02
339,3,227,23,2025-10-12
339,4,377,31,2025-10-15
339,5,277,43,2025-11-04
339,6,316,41,2025-12-18
339,7,320,21,2025-09-06
339,8,39,18,2025-12-27
340,1,126,40,2025-12-21
340,2,25,23,2025-10-21
340,3,68,20,2025-11-09
340,4,297,18,2025-09-17
340,5,125,38,2025-09-29
340,6,155,42,2025-11-05
340,7,198,26,2025-12-09
340,8,224,38,2025-07-07
341,1,113,25,2025-10-14
341,2,82,12,2025-12-14
341,3,7,14,2025-07-10
341,4,110,36,2025-08-18
341,5,336,47,2025-12-21
341,6,143,38,2025-12-12
341,7,159,26,2025-08-31
341,8,91,39,2025-07-31
342,1,25,23,2025-11-15
342,2,320,42,2025-09-28
342,3,96,29,2025-12-29
342,4,170,17,2025-11-17
342,5,62,15,2025-11-19
342,6,239,19,2025-09-27
342,7,327,45,2025-07-30
342,8,203,46,2025-07-16
343,1,279,13,2025-09-16
343,2,368,36,2025-08-10
343,3,239,41,2025-11-07
343,4,176,41,2025-10-22
343,5,166,25,2025-12-12
343,6,397,32,2025-10-13
343,7,71,33,2025-09-18
343,8,49,48,2025-11-14
344,1,185,25,2025-09-12
344,2,32,12,2025-07-13
344,3,238,37,2025-11-03
344,4,99,38,2025-11-03
344,5,53,29,2025-07-23
344,6,13,43,2025-12-24
344,7,155,10,2025-08-20
344,8,259,28,2025-10-23
345,1,188,28,2025-07-24
345,2,382,21,2025-12-29
345,3,112,47,2025-12-07
345,4,334,46,2025-12-26
345,5,327,45,2025-08-09
345,6,243,36,2025-08-25
345,7,82,27,2025-11-20
345,8,233,24,2025-09-25
346,1,367,23,2025-07-11
346,2,117,20,2025-10-13
346,3,310,25,2025-11-12
346,4,52,42,2025-08-11
346,5,204,17,2025-12-02
346,6,340,46,2025-12-02
346,7,368,25,2025-07-28
346,8,62,16,2025-08-18
347,1,344,29,2025-08-13
347,2,176,32,2025-08-08
347,3,138,29,2025-10-13
347,4,323,13,2025-11-28
347,5,239,14,2025-10-02
347,6,390,29,2025-08-10
347,7,18,48,2025-07-10
347,8,329,45,2025-12-18
348,1,367,33,2025-07-18
348,2,339,36,2025-12-10
348,3,173,15,2025-08-05
348,4,83,23,2025-12-01
348,5,134,29,2025-07-15
348,6,115,37,2025-08-28
348,7,72,37,2025-11-05
348,8,322,14,2025-09-09
349,1,122,21,2025-09-10
349,2,387,28,2025-07-04
349,3,159,49,2025-09-10
349,4,43,47,2025-10-23
349,5,181,36,2025-11-21
349,6,291,42,2025-09-05
349,7,220,24,2025-09-11
349,8,78,37,2025-09-18
350,1,99,14,2025-09-29
350,2,260,35,2025-10-25
350,3,157,30,2025-08-06
350,4,181,11,2025-09-07
350,5,363,31,2025-12-09
350,6,162,15,2025-10-04
350,7,332,22,2025-09-15
350,8,8,16,2025-12-27
351,1,154,16,2025-08-11
351,2,146,10,2025-09-21
351,3,205,47,2025-10-12
351,4,141,29,2025-10-12
351,5,11,30,2025-12-08
351,6,277,48,2025-07-05
351,7,203,33,2025-07-28
351,8,36,25,2025-11-27
352,1,251,42,2025-10-23
352,2,348,33,2025-11-27
352,3,386,22,2025-12-26
352,4,364,23,2025-08-01
352,5,5,34,2025-08-21
352,6,1,20,2025-09-12
352,7,341,26,2025-07-31
352,8,8,34,2025-12-20
353,1,383,28,2025-08-09
353,2,211,31,2025-12-21
353,3,199,37,2025-07-27
353,4,194,17,2025-08-08
353,5,258,17,2025-12-24
353,6,45,35,2025-08-10
353,7,91,23,2025-11-06
353,8,130,41,2025-11-26
354,1,21,26,2025-11-15
354,2,84,34,2025-07-12
354,3,177,24,2025-12-07
354,4,216,32,2025-08-14
354,5,399,17,2025-09-29
354,6,320,23,2025-11-27
354,7,65,18,2025-07-25
354,8,46,32,2025-11-02
355,1,64,32,2025-07-05
355,2,128,24,2025-08-09
355,3,295,30,2025-08-16
355,4,358,16,2025-08-02
355,5,142,33,2025-11-24
355,6,295,25,2025-11-26
355,7,202,14,2025-10-23
355,8,338,42,2025-11-19
356,1,125,36,2025-11-04
356,2,330,17,2025-12-27
356,3,275,10,2025-08-13
356,4,329,46,2025-07-19
356,5,0,46,2025-09-07
356,6,50,15,2025-09-23
356,7,343,10,2025-10-16
356,8,37,16,2025-10-24
357,1,82,31,2025-12-11
357,2,165,12,2025-12-02
357,3,315,20,2025-12-20
357,4,38,17,2025-08-16
357,5,376,25,2025-12-08
357,6,209,34,2025-12-10
357,7,210,48,2025-12-26
357,8,240,13,2025-12-24
358,1,350,22,2025-08-08
358,2,244,44,2025-07-07
358,3,173,33,2025-12-12
358,4,46,34,2025-07-25
358,5,188,15,2025-11-23
358,6,388,21,2025-08-15
358,7,212,14,2025-12-03
358,8,56,19,2025-10-21
359,1,173,37,2025-10-08
359,2,276,10,2025-08-25
359,3,359,44,2025-12-29
359,4,351,13,2025-11-14
359,5,87,18,2025-12-18
359,6,334,13,2025-09-24
359,7,287,43,2025-08-30
359,8,144,46,2025-10-12
360,1,329,15,2025-08-04
360,2,94,34,2025-11-23
360,3,389,26,2025-07-16
360,4,123,40,2025-09-07
360,5,211,25,2025-12-18
360,6,136,40,2025-08-11
360,7,190,32,2025-08-02
360,8,156,13,2025-10-20
361,1,330,38,2025-10-19
361,2,372,41,2025-10-20
361,3,35,45,2025-09-17
361,4,61,43,2025-08-04
361,5,52,25,2025-10-15
361,6,148,39,2025-12-14
361,7,325,14,2025-08-24
361,8,323,28,2025-07-19
362,1,194,32,2025-12-31
362,2,99,15,2025-07-04
362,3,391,43,2025-07-23
362,4,216,17,2025-08-23
362,5,67,24,2025-09-15
362,6,206,36,2025-07-22
362,7,354,28,2025-09-21
362,8,90,20,2025-08-12
363,1,217,37,2025-10-08
363,2,188,40,2025-07-21
363,3,341,32,2025-09-02
363,4,235,19,2025-09-09
363,5,300,14,2025-08-07
363,6,1,19,2025-07-30
363,7,309,12,2025-10-17
363,8,396,12,2025-07-08
364,1,176,38,2025-12-16
364,2,106,19,2025-09-27
364,3,392,49,2025-07-18
364,4,138,20,2025-10-03
364,5,299,47,2025-12-18
364,6,272,14,2025-11-11
364,7,4,27,2025-12-19
364,8,370,11,2025-07-19
365,1,224,39,2025-07-05
365,2,205,22,2025-09-26
365,3,178,38,2025-10-30
365,4,354,17,2025-09-20
365,5,370,45,2025-07-10
365,6,115,49,2025-09-24
365,7,116,14,2025-10-04
365,8,34,27,2025-12-24
366,1,177,33,2025-10-27
366,2,316,48,2025-11-17
366,3,361,44,2025-09-02
366,4,160,49,2025-11-11
366,5,116,40,2025-11-23
366,6,5,11,2025-09-27
366,7,101,48,2025-09-12
366,8,96,49,2025-10-31
367,1,396,42,2025-08-10
367,2,22,35,2025-11-14
367,3,121,31,2025-07-14
367,4,121,49,2025-09-29
367,5,256,41,2025-11-19
367,6,326,31,2025-12-22
367,7,20,36,2025-07-05
367,8,360,35,2025-11-26
368,1,296,49,2025-10-21
368,2,190,22,2025-11-24
368,3,399,42,2025-09-17
368,4,359,27,2025-10-18
368,5,171,47,2025-11-28
368,6,160,42,2025-11-19
368,7,91,23,2025-08-29
368,8,105,18,2025-07-19
369,1,252,43,2025-10-28
369,2,188,15,2025-12-13
369,3,258,15,2025-11-02
369,4,160,27,2025-12-14
369,5,45,41,2025-07-12
369,6,379,47,2025-10-26
369,7,341,13,2025-07-15
369,8,308,40,2025-07-10
370,1,224,21,2025-09-05
370,2,10,39,2025-07-06
370,3,115,38,2025-07-08
370,4,392,30,2025-09-16
370,5,61,33,2025-07-16
370,6,17,14,2025-11-13
370,7,86,31,2025-11-23
370,8,319,49,2025-09-09
371,1,305,29,2025-09-19
371,2,281,16,2025-09-24
371,3,321,18,2025-12-07
371,4,94,14,2025-09-27
371,5,63,17,2025-10-13
371,6,246,28,2025-08-24
371,7,68,37,2025-08-19
371,8,132,41,2025-09-11
372,1,293,42,2025-10-08
372,2,171,31,2025-11-24
372,3,367,18,2025-12-31
372,4,329,49,2025-09-19
372,5,262,16,2025-11-05
372,6,328,11,2025-11-03
372,7,330,45,2025-08-05
372,8,127,14,2025-10-13
373,1,195,45,2025-11-03
373,2,51,21,2025-07-22
373,3,382,43,2025-11-17
373,4,30,29,2025-08-26
373,5,5,46,2025-12-11
373,6,251,33,2025-07-13
373,7,43,16,2025-11-15
373,8,148,27,2025-10-12
374,1,386,50,2025-07-11
374,2,199,33,2025-08-14
374,3,210,44,2025-12-26
374,4,143,30,2025-11-04
374,5,343,24,2025-09-16
374,6,47,19,2025-11-22
374,7,308,21,2025-12-10
374,8,229,18,2025-11-02
375,1,170,29,2025-12-11
375,2,140,24,2025-12-10
375,3,84,17,2025-11-10
375,4,335,36,2025-11-18
375,5,350,48,2025-09-10
375,6,292,16,2025-07-06
375,7,175,39,2025-08-10
375,8,166,12,2025-11-28
376,1,348,42,2025-12-03
376,2,80,26,2025-10-15
376,3,300,36,2025-11-06
376,4,371,40,2025-08-04
376,5,224,44,2025-12-03
376,6,134,18,2025-08-27
376,7,327,41,2025-09-14
376,8,200,22,2025-12-20
377,1,141,30,2025-10-23
377,2,356,37,2025-12-05
377,3,178,50,2025-07-09
377,4,183,10,2025-09-22
377,5,250,47,2025-07-30
377,6,397,10,2025-12-18
377,7,213,41,2025-10-29
377,8,89,17,2025-08-05
378,1,65,35,2025-07-20
378,2,5,24,2025-09-26
378,3,1,24,2025-09-15
378,4,104,30,2025-08-01
378,5,162,46,2025-09-07
378,6,385,16,2025-11-20
378,7,357,27,2025-09-07
378,8,140,42,2025-11-08
379,1,373,27,2025-07-11
379,2,370,37,2025-11-08
379,3,192,16,2025-08-06
379,4,195,21,2025-12-25
379,5,285,35,2025-10-29
379,6,379,48,2025-12-25
379,7,82,30,2025-08-11
379,8,29,34,2025-12-06
380,1,277,38,2025-12-14
380,2,365,36,2025-08-05
380,3,245,28,2025-09-07
380,4,74,39,2025-07-04
380,5,293,33,2025-11-24
380,6,8,39,2025-07-24
380,7,353,41,2025-11-12
380,8,252,35,2025-08-10
381,1,274,33,2025-07-28
381,2,67,27,2025-10-11
381,3,119,28,2025-11-30
381,4,119,25,2025-12-29
381,5,296,29,2025-10-27
381,6,87,37,2025-08-10
381,7,240,46,2025-10-01
381,8,248,18,2025-09-13
382,1,321,46,2025-07-17
382,2,15,37,2025-08-11
382,3,137,47,2025-08-26
382,4,313,16,2025-10-19
382,5,286,33,2025-10-19
382,6,48,22,2025-09-07
382,7,327,27,2025-10-03
382,8,261,45,2025-11-16
383,1,388,10,2025-08-23
383,2,383,32,2025-08-02
383,3,187,15,2025-11-30
383,4,75,18,2025-09-15
383,5,334,29,2025-08-25
383,6,395,11,2025-12-08
383,7,377,43,2025-11-19
383,8,73,34,2025-11-16
384,1,146,24,2025-11-01
384,2,320,25,2025-11-07
384,3,356,29,2025-11-16
384,4,277,48,2025-07-19
384,5,94,30,2025-09-25
384,6,131,43,2025-12-06
384,7,252,25,2025-11-21
384,8,135,24,2025-09-17
385,1,265,39,2025-12-07
385,2,399,48,2025-10-25
385,3,305,21,2025-11-06
385,4,151,47,2025-10-21
385,5,258,50,2025-11-29
385,6,216,10,2025-07-06
385,7,343,47,2025-07-26
385,8,379,17,2025-10-23
386,1,71,33,2025-09-15
386,2,157,33,2025-10-14
386,3,298,17,2025-08-27
386,4,230,41,2025-10-01
386,5,10,48,2025-11-23
386,6,92,26,2025-11-02
386,7,345,24,2025-12-30
386,8,18,21,2025-09-25
387,1,112,42,2025-07-07
387,2,235,50,2025-08-01
387,3,173,37,2025-09-30
387,4,66,47,2025-09-04
387,5,252,44,2025-10-03
387,6,229,12,2025-10-05
387,7,62,17,2025-12-25
387,8,36,49,2025-10-13
388,1,163,35,2025-11-29
388,2,40,25,2025-11-13
388,3,290,26,2025-11-12
388,4,233,41,2025-09-28
388,5,6,48,2025-10-27
388,6,76,47,2025-10-24
388,7,83,46,2025-10-26
388,8,73,32,2025-11-21
389,1,50,48,2025-09-04
389,2,28,30,2025-11-04
389,3,354,13,2025-10-24
389,4,304,13,2025-07-23
389,5,369,15,2025-10-03
389,6,367,24,2025-10-10
389,7,326,50,2025-08-02
389,8,139,26,2025-08-27
390,1,364,18,2025-11-23
390,2,189,14,2025-07-14
390,3,394,41,2025-12-06
390,4,101,44,2025-09-13
390,5,178,39,2025-11-26
390,6,255,27,2025-08-10
390,7,173,38,2025-09-17
390,8,241,32,2025-10-18
391,1,384,43,2025-11-18
391,2,278,30,2025-07-04
391,3,218,12,2025-11-28
391,4,208,20,2025-08-22
391,5,218,39,2025-09-15
391,6,12,14,2025-10-13
391,7,12,37,2025-07-30
391,8,193,44,2025-09-20
392,1,71,38,2025-10-04
392,2,12,36,2025-11-20
392,3,37,32,2025-12-22
392,4,82,12,2025-09-29
392,5,184,17,2025-12-08
392,6,378,29,2025-11-10
392,7,229,15,2025-07-29
392,8,319,19,2025-08-05
393,1,139,43,2025-11-20
393,2,150,20,2025-09-30
393,3,134,28,2025-07-31
393,4,239,28,2025-10-10
393,5,31,45,2025-11-23
393,6,133,47,2025-10-01
393,7,354,37,2025-12-28
393,8,253,20,2025-11-13
394,1,36,21,2025-10-27
394,2,244,44,2025-08-29
394,3,324,47,2025-11-11
394,4,381,37,2025-08-26
394,5,322,37,2025-09-19
394,6,9,19,2025-09-19
394,7,360,13,2025-11-14
394,8,370,50,2025-07-17
395,1,310,29,2025-08-23
395,2,323,20,2025-10-01
395,3,27,14,2025-10-24
395,4,235,43,2025-07-20
395,5,51,23,2025-07-29
395,6,84,24,2025-10-30
395,7,91,12,2025-07-29
395,8,397,24,2025-08-30
396,1,353,10,2025-10-05
396,2,251,16,2025-09-13
396,3,98,30,2025-09-26
396,4,311,37,2025-08-18
396,5,222,35,2025-07-31
396,6,341,33,2025-11-25
396,7,252,11,2025-10-25
396,8,8,31,2025-11-29
397,1,366,23,2025-07-30
397,2,116,20,2025-07-12
397,3,216,30,2025-07-23
397,4,105,34,2025-10-05
397,5,156,40,2025-10-23
397,6,185,30,2025-09-11
397,7,375,25,2025-10-21
397,8,370,14,2025-09-23
398,1,354,36,2025-10-27
398,2,64,18,2025-07-09
398,3,9,25,2025-12-02
398,4,69,44,2025-12-28
398,5,377,10,2025-12-19
398,6,267,32,2025-11-01
398,7,20,11,2025-10-21
398,8,211,45,2025-11-18
399,1,339,38,2025-07-16
399,2,390,41,2025-09-25
399,3,86,46,2025-12-14
399,4,225,47,2025-08-29
399,5,146,22,2025-08-20
399,6,212,48,2025-09-18
399,7,86,28,2025-11-23
399,8,144,45,2025-11-20
400,1,340,19,2025-12-30
400,2,47,40,2025-10-11
400,3,292,43,2025-10-15
400,4,389,40,2025-09-28
400,5,44,12,2025-07-24
400,6,332,42,2025-10-20
400,7,217,21,2025-10-05
400,8,284,24,2025-12-05
401,1,30,14,2025-09-06
401,2,16,14,2025-10-13
401,3,371,19,2025-11-13
401,4,320,28,2025-10-31
401,5,38,43,2025-11-06
401,6,232,13,2025-10-30
401,7,135,27,2025-08-31
401,8,390,25,2025-09-19
402,1,244,40,2025-09-11
402,2,382,20,2025-10-07
402,3,74,44,2025-08-15
402,4,52,35,2025-11-24
402,5,49,12,2025-10-30
402,6,390,39,2025-08-23
402,7,226,29,2025-11-24
402,8,156,50,2025-07-13
403,1,268,25,2025-07-27
403,2,332,48,2025-09-09
403,3,6,27,2025-11-12
403,4,259,50,2025-09-29
403,5,294,29,2025-12-28
403,6,206,25,2025-07-29
403,7,360,21,2025-08-22
403,8,389,27,2025-07-25
404,1,8,36,2025-11-25
404,2,398,30,2025-07-11
404,3,57,49,2025-07-15
404,4,177,44,2025-10-20
404,5,253,34,2025-09-18
404,6,216,35,2025-10-10
404,7,165,28,2025-10-17
404,8,367,16,2025-07-13
405,1,121,12,2025-12-21
405,2,275,31,2025-09-21
405,3,17,29,2025-07-20
405,4,356,31,2025-10-21
405,5,146,41,2025-09-02
405,6,272,18,2025-11-03
405,7,249,27,2025-12-09
405,8,38,22,2025-10-06
406,1,251,48,2025-09-11
406,2,249,22,2025-09-16
406,3,393,25,2025-09-01
406,4,97,48,2025-07-27
406,5,290,24,2025-10-08
406,6,377,32,2025-07-10
406,7,354,49,2025-10-12
406,8,136,26,2025-07-10
407,1,207,13,2025-11-12
407,2,377,18,2025-12-19
407,3,157,29,2025-10-30
407,4,28,28,2025-11-03
407,5,107,13,2025-10-10
407,6,98,36,2025-08-05
407,7,74,21,2025-12-29
407,8,392,11,2025-11-14
408,1,171,45,2025-11-25
408,2,83,14,2025-10-11
408,3,86,39,2025-12-17
408,4,37,11,2025-08-20
408,5,41,33,2025-09-29
408,6,282,37,2025-09-15
408,7,37,29,2025-12-17
408,8,389,15,2025-10-13
409,1,250,28,2025-12-21
409,2,152,20,2025-09-15
409,3,60,12,2025-11-06
409,4,136,17,2025-08-05
409,5,82,44,2025-10-07
409,6,6,30,2025-12-07
409,7,1,25,2025-08-15
409,8,35,24,2025-07-09
410,1,380,23,2025-09-23
410,2,373,45,2025-10-10
410,3,53,24,2025-12-07
410,4,277,26,2025-11-17
410,5,299,30,2025-07-12
410,6,203,20,2025-08-11
410,7,316,47,2025-12-06
410,8,347,16,2025-09-14
411,1,341,26,2025-11-16
411,2,195,10,2025-09-11
411,3,69,32,2025-12-15
411,4,248,41,2025-09-18
411,5,313,49,2025-08-22
411,6,301,40,2025-12-16
411,7,284,25,2025-09-18
411,8,290,34,2025-12-22
412,1,145,20,2025-09-16
412,2,142,26,2025-09-20
412,3,328,13,2025-07-24
412,4,273,50,2025-08-07
412,5,265,42,2025-09-01
412,6,159,40,2025-09-19
412,7,95,38,2025-08-30
412,8,147,19,2025-10-04
413,1,145,11,2025-09-19
413,2,41,24,2025-08-13
413,3,153,22,2025-12-29
413,4,375,13,2025-11-24
413,5,244,25,2025-12-01
413,6,62,40,2025-08-17
413,7,224,49,2025-12-31
413,8,31,46,2025-11-30
414,1,12,35,2025-12-17
414,2,94,42,2025-11-14
414,3,171,17,2025-10-19
414,4,18,25,2025-09-25
414,5,383,29,2025-07-06
414,6,276,49,2025-12-15
414,7,254,42,2025-10-05
414,8,354,32,2025-07-27
415,1,383,31,2025-11-04
415,2,224,41,2025-12-26
415,3,154,24,2025-12-10
415,4,166,20,2025-12-08
415,5,364,10,2025-12-28
415,6,46,21,2025-08-02
415,7,19,41,2025-08-03
415,8,39,25,2025-08-08
416,1,156,33,2025-12-22
416,2,363,12,2025-08-29
416,3,372,34,2025-11-07
416,4,39,42,2025-08-11
416,5,76,43,2025-11-15
416,6,150,37,2025-12-03
416,7,397,39,2025-11-01
416,8,137,48,2025-12-30
417,1,358,47,2025-10-25
417,2,334,12,2025-08-04
417,3,174,28,2025-12-06
417,4,230,12,2025-11-23
417,5,299,47,2025-09-04
417,6,110,35,2025-08-03
417,7,68,34,2025-08-30
417,8,340,29,2025-08-15
418,1,304,23,2025-08-28
418,2,258,17,2025-12-02
418,3,67,50,2025-11-18
418,4,33,45,2025-10-11
418,5,395,10,2025-11-08
418,6,180,50,2025-12-30
418,7,144,32,2025-11-17
418,8,269,33,2025-11-07
419,1,180,45,2025-11-24
419,2,25,48,2025-07-05
419,3,227,32,2025-12-14
419,4,270,34,2025-10-21
419,5,63,49,2025-12-29
419,6,77,15,2025-12-27
419,7,109,20,2025-10-03
419,8,359,24,2025-09-13
420,1,157,34,2025-11-29
420,2,342,31,2025-12-07
420,3,87,15,2025-11-21
420,4,147,39,2025-08-19
420,5,244,36,2025-10-04
420,6,398,40,2025-10-28
420,7,41,40,2025-08-23
420,8,52,30,2025-07-15
421,1,53,44,2025-08-22
421,2,177,39,2025-10-04
421,3,230,37,2025-09-16
421,4,92,13,2025-08-16
421,5,319,40,2025-10-11
421,6,312,42,2025-09-22
421,7,152,41,2025-09-13
421,8,39,20,2025-12-17
422,1,283,41,2025-08-28
422,2,264,25,2025-11-25
422,3,373,11,2025-08-07
422,4,194,23,2025-09-23
422,5,6,39,2025-07-16
422,6,155,24,2025-08-20
422,7,233,35,2025-08-15
422,8,55,10,2025-08-16
423,1,93,33,2025-08-23
423,2,21,16,2025-09-10
423,3,156,32,2025-07-12
423,4,275,15,2025-08-04
423,5,337,11,2025-11-06
423,6,364,20,2025-07-25
423,7,232,27,2025-12-24
423,8,365,50,2025-08-13
424,1,174,47,2025-09-11
424,2,234,21,2025-09-22
424,3,71,15,2025-11-25
424,4,266,44,2025-12-06
424,5,176,48,2025-08-12
424,6,328,45,2025-12-12
424,7,61,49,2025-07-24
424,8,198,31,2025-08-17
425,1,318,26,2025-10-02
425,2,196,19,2025-11-13
425,3,53,19,2025-12-03
425,4,274,47,2025-12-15
425,5,147,31,2025-08-19
425,6,278,35,2025-08-11
425,7,351,29,2025-11-24
425,8,126,47,2025-11-04
426,1,382,19,2025-11-18
426,2,72,10,2025-09-03
426,3,135,50,2025-12-08
426,4,127,10,2025-09-18
426,5,244,50,2025-12-16
426,6,43,24,2025-11-16
426,7,344,15,2025-07-16
426,8,167,44,2025-07-06
427,1,53,29,2025-09-26
427,2,107,27,2025-09-17
427,3,394,24,2025-07-30
427,4,121,10,2025-11-14
427,5,355,33,2025-11-01
427,6,78,14,2025-07-13
427,7,217,40,2025-12-08
427,8,268,35,2025-09-26
428,1,127,19,2025-08-09
428,2,144,26,2025-09-17
428,3,68,44,2025-09-04
428,4,265,16,2025-11-09
428,5,332,18,2025-09-04
428,6,6,49,2025-10-16
428,7,268,14,2025-07-05
428,8,27,19,2025-09-28
429,1,297,15,2025-08-07
429,2,341,29,2025-07-30
429,3,40,31,2025-12-01
429,4,220,42,2025-08-12
429,5,385,45,2025-09-04
429,6,273,18,2025-07-08
429,7,34,20,2025-09-14
429,8,317,50,2025-09-07
430,1,27,27,2025-09-24
430,2,117,41,2025-07-15
430,3,314,33,2025-07-22
430,4,379,23,2025-08-23
430,5,397,45,2025-11-26
430,6,371,11,2025-07-30
430,7,192,29,2025-12-31
430,8,75,21,2025-07-07
431,1,52,34,2025-10-31
431,2,390,38,2025-11-20
431,3,334,14,2025-12-22
431,4,232,12,2025-09-06
431,5,393,44,2025-12-17
431,6,324,37,2025-07-06
431,7,238,37,2025-08-31
431,8,28,15,2025-10-18
432,1,233,50,2025-12-17
432,2,114,48,2025-08-27
432,3,16,37,2025-07-27
432,4,123,11,2025-07-06
432,5,164,16,2025-07-20
432,6,396,25,2025-10-15
432,7,104,11,2025-08-27
432,8,266,19,2025-08-27
433,1,315,47,2025-12-02
433,2,381,24,2025-11-02
433,3,336,23,2025-10-25
433,4,203,22,2025-11-02
433,5,29,35,2025-07-20
433,6,35,25,2025-08-22
433,7,343,25,2025-11-11
433,8,145,20,2025-08-31
434,1,29,48,2025-08-24
434,2,385,11,2025-08-26
434,3,242,27,2025-08-19
434,4,187,27,2025-12-10
434,5,314,18,2025-11-03
434,6,80,44,2025-12-11
434,7,259,17,2025-09-29
434,8,55,12,2025-10-31
435,1,278,41,2025-08-11
435,2,345,36,2025-08-12
435,3,286,43,2025-12-10
435,4,135,15,2025-12-30
435,5,49,30,2025-12-28
435,6,206,23,2025-12-05
435,7,305,26,2025-11-18
435,8,369,34,2025-09-25
436,1,265,46,2025-09-27
436,2,176,39,2025-08-22
436,3,335,36,2025-10-26
436,4,316,29,2025-07-12
436,5,349,32,2025-12-27
436,6,43,47,2025-09-05
436,7,289,48,2025-09-02
436,8,90,32,2025-09-01
437,1,62,10,2025-07-25
437,2,328,48,2025-09-04
437,3,156,39,2025-08-21
437,4,312,31,2025-10-07
437,5,237,15,2025-09-17
437,6,121,38,2025-12-28
437,7,122,49,2025-11-19
437,8,232,34,2025-09-22
438,1,355,32,2025-09-17
438,2,129,18,2025-10-31
438,3,311,43,2025-08-29
438,4,215,27,2025-10-26
438,5,391,42,2025-09-29
438,6,92,19,2025-10-28
438,7,192,16,2025-12-24
438,8,253,45,2025-10-20
439,1,74,29,2025-08-09
439,2,328,12,2025-07-27
439,3,109,20,2025-08-31
439,4,236,42,2025-09-04
439,5,315,39,2025-12-16
439,6,349,40,2025-08-13
439,7,73,31,2025-10-15
439,8,389,47,2025-10-05
440,1,281,29,2025-11-11
440,2,72,32,2025-11-10
440,3,349,19,2025-09-30
440,4,373,13,2025-11-01
440,5,119,44,2025-09-28
440,6,266,36,2025-12-16
440,7,42,28,2025-08-01
440,8,291,37,2025-10-31
441,1,238,30,2025-12-17
441,2,285,40,2025-12-12
441,3,268,40,2025-07-12
441,4,33,24,2025-07-10
441,5,199,27,2025-07-10
441,6,117,15,2025-08-02
441,7,139,19,2025-07-27
441,8,24,46,2025-07-29
442,1,269,14,2025-07-18
442,2,355,30,2025-11-29
442,3,251,13,2025-09-28
442,4,73,28,2025-09-09
442,5,340,49,2025-07-09
442,6,155,22,2025-09-08
442,7,40,35,2025-10-12
442,8,180,18,2025-10-19
443,1,133,20,2025-09-29
443,2,1,49,2025-12-11
443,3,24,11,2025-08-03
443,4,176,50,2025-08-03
443,5,198,41,2025-11-11
443,6,40,17,2025-07-11
443,7,97,34,2025-10-20
443,8,387,48,2025-09-28
444,1,334,22,2025-09-21
444,2,198,13,2025-12-21
444,3,385,14,2025-10-25
444,4,263,21,2025-09-16
444,5,400,45,2025-09-12
444,6,141,30,2025-10-15
444,7,3,36,2025-12-23
444,8,233,22,2025-09-17
445,1,6,49,2025-10-05
445,2,204,38,2025-08-22
445,3,49,25,2025-09-12
445,4,315,22,2025-08-06
445,5,300,17,2025-10-23
445,6,245,44,2025-08-07
445,7,341,24,2025-08-25
445,8,28,16,2025-10-12
446,1,185,26,2025-10-28
446,2,68,19,2025-08-18
446,3,61,46,2025-08-03
446,4,46,44,2025-12-16
446,5,301,27,2025-08-07
446,6,35,31,2025-11-06
446,7,344,44,2025-08-07
446,8,288,16,2025-08-10
447,1,6,20,2025-12-21
447,2,326,14,2025-07-14
447,3,220,18,2025-11-29
447,4,321,49,2025-12-06
447,5,271,49,2025-11-02
447,6,272,47,2025-12-06
447,7,88,13,2025-12-31
447,8,105,10,2025-11-12
448,1,317,44,2025-07-25
448,2,218,30,2025-11-13
448,3,372,20,2025-08-10
448,4,347,36,2025-10-12
448,5,338,24,2025-07-31
448,6,391,22,2025-12-06
448,7,79,29,2025-12-09
448,8,48,50,2025-10-21
449,1,284,42,2025-08-18
449,2,289,47,2025-08-14
449,3,266,47,2025-08-02
449,4,109,25,2025-12-03
449,5,126,45,2025-09-11
449,6,145,23,2025-10-26
449,7,317,11,2025-08-21
449,8,118,23,2025-12-03
450,1,343,27,2025-07-30
450,2,381,43,2025-10-02
450,3,169,38,2025-12-06
450,4,165,15,2025-08-12
450,5,383,38,2025-12-04
450,6,115,40,2025-12-21
450,7,285,43,2025-08-13
450,8,265,36,2025-07-29
451,1,310,20,2025-12-22
451,2,94,40,2025-10-04
451,3,4,30,2025-11-07
451,4,107,36,2025-12-16
451,5,225,23,2025-11-29
451,6,357,36,2025-11-26
451,7,307,44,2025-09-13
451,8,209,48,2025-07-30
452,1,214,31,2025-07-30
452,2,347,44,2025-12-24
452,3,352,44,2025-10-11
452,4,129,39,2025-11-26
452,5,219,37,2025-11-27
452,6,370,28,2025-10-03
452,7,328,35,2025-09-01
452,8,258,11,2025-11-25
453,1,94,50,2025-12-12
453,2,54,35,2025-07-25
453,3,399,17,2025-09-24
453,4,209,47,2025-10-23
453,5,45,11,2025-08-26
453,6,345,30,2025-08-20
453,7,260,26,2025-11-08
453,8,366,23,2025-09-04
454,1,122,44,2025-11-01
454,2,94,50,2025-11-23
454,3,384,12,2025-11-26
454,4,1,10,2025-10-30
454,5,230,42,2025-08-31
454,6,134,17,2025-07-24
454,7,99,44,2025-07-04
454,8,159,44,2025-11-18
455,1,256,13,2025-08-30
455,2,127,36,2025-10-26
455,3,379,32,2025-12-08
455,4,59,28,2025-11-11
455,5,299,43,2025-09-16
455,6,230,37,2025-09-26
455,7,178,16,2025-08-12
455,8,130,26,2025-08-15
456,1,164,32,2025-11-27
456,2,71,13,2025-09-13
456,3,72,11,2025-10-18
456,4,374,38,2025-09-08
456,5,355,18,2025-09-26
456,6,222,15,2025-08-28
456,7,264,36,2025-10-19
456,8,7,42,2025-07-20
457,1,160,44,2025-12-30
457,2,178,38,2025-09-09
457,3,43,32,2025-08-31
457,4,162,50,2025-09-01
457,5,287,50,2025-08-08
457,6,187,27,2025-12-01
457,7,54,50,2025-08-14
457,8,235,29,2025-12-18
458,1,360,35,2025-12-27
458,2,58,50,2025-07-29
458,3,331,24,2025-09-17
458,4,388,24,2025-10-08
458,5,69,21,2025-10-30
458,6,191,20,2025-10-01
458,7,391,30,2025-07-22
458,8,48,23,2025-08-11
459,1,235,18,2025-09-16
459,2,204,35,2025-10-18
459,3,190,40,2025-10-29
459,4,168,44,2025-10-21
459,5,385,33,2025-07-14
459,6,121,10,2025-12-09
459,7,294,14,2025-11-05
459,8,209,23,2025-11-02
460,1,49,36,2025-09-06
460,2,297,26,2025-09-04
460,3,253,50,2025-12-31
460,4,231,35,2025-08-13
460,5,100,34,2025-09-24
460,6,204,43,2025-10-20
460,7,206,32,2025-12-02
460,8,303,20,2025-11-20
461,1,94,14,2025-09-30
461,2,238,29,2025-08-17
461,3,64,45,2025-09-24
461,4,73,43,2025-07-21
461,5,304,49,2025-11-04
461,6,182,44,2025-11-28
461,7,287,50,2025-12-06
461,8,61,42,2025-09-05
462,1,72,46,2025-11-19
462,2,100,27,2025-08-11
462,3,385,31,2025-12-11
462,4,377,38,2025-12-13
462,5,44,42,2025-09-04
462,6,352,26,2025-11-01
462,7,208,26,2025-10-23
462,8,83,13,2025-08-12
463,1,207,33,2025-12-08
463,2,388,35,2025-09-06
463,3,290,31,2025-09-07
463,4,320,11,2025-07-07
463,5,279,13,2025-12-11
463,6,18,30,2025-07-30
463,7,205,20,2025-09-28
463,8,308,12,2025-12-21
464,1,349,37,2025-07-21
464,2,150,38,2025-12-04
464,3,360,31,2025-12-31
464,4,178,29,2025-10-24
464,5,40,13,2025-07-11
464,6,226,46,2025-12-23
464,7,96,32,2025-07-24
464,8,149,21,2025-12-12
465,1,237,41,2025-11-30
465,2,392,34,2025-10-03
465,3,188,45,2025-09-06
465,4,355,34,2025-12-31
465,5,136,43,2025-09-17
465,6,79,34,2025-10-15
465,7,95,14,2025-12-04
465,8,152,19,2025-11-20
466,1,166,47,2025-07-07
466,2,156,14,2025-07-18
466,3,80,50,2025-11-08
466,4,10,27,2025-09-04
466,5,123,26,2025-09-23
466,6,4,22,2025-09-20
466,7,224,36,2025-10-10
466,8,385,29,2025-07-18
467,1,179,25,2025-10-14
467,2,77,42,2025-07-12
467,3,14,11,2025-11-16
467,4,235,17,2025-10-15
467,5,202,37,2025-07-16
467,6,173,40,2025-10-09
467,7,273,42,2025-12-02
467,8,374,17,2025-12-24
468,1,113,41,2025-12-13
468,2,368,46,2025-11-21
468,3,157,27,2025-11-16
468,4,207,25,2025-07-06
468,5,267,10,2025-12-10
468,6,232,13,2025-09-19
468,7,336,30,2025-09-12
468,8,233,16,2025-12-05
469,1,40,34,2025-08-19
469,2,242,12,2025-11-03
469,3,387,34,2025-12-31
469,4,219,18,2025-07-23
469,5,57,49,2025-12-07
469,6,252,34,2025-09-05
469,7,251,42,2025-07-10
469,8,24,11,2025-10-07
470,1,114,17,2025-07-08
470,2,96,27,2025-10-13
470,3,315,28,2025-10-23
470,4,61,35,2025-07-06
470,5,87,20,2025-08-10
470,6,276,15,2025-09-17
470,7,187,46,2025-09-12
470,8,26,31,2025-10-17
471,1,362,25,2025-07-05
471,2,246,41,2025-12-16
471,3,339,29,2025-10-08
471,4,181,10,2025-07-31
471,5,196,28,2025-11-26
471,6,102,19,2025-09-26
471,7,283,30,2025-10-29
471,8,153,42,2025-08-21
472,1,255,33,2025-08-19
472,2,186,22,2025-10-25
472,3,40,33,2025-11-17
472,4,153,45,2025-12-12
472,5,216,13,2025-10-16
472,6,63,42,2025-08-19
472,7,136,44,2025-10-31
472,8,256,18,2025-12-24
473,1,383,35,2025-12-06
473,2,228,36,2025-12-21
473,3,163,22,2025-11-12
473,4,190,10,2025-08-22
473,5,333,20,2025-11-14
473,6,362,16,2025-11-26
473,7,145,33,2025-07-07
473,8,92,49,2025-09-21
474,1,170,27,2025-10-26
474,2,156,19,2025-12-27
474,3,171,35,2025-08-26
474,4,19,36,2025-07-08
474,5,78,29,2025-07-10
474,6,215,30,2025-12-06
474,7,139,37,2025-08-29
474,8,382,23,2025-08-12
475,1,350,44,2025-10-06
475,2,360,36,2025-08-14
475,3,202,38,2025-07-31
475,4,368,50,2025-12-14
475,5,131,45,2025-09-24
475,6,116,33,2025-09-18
475,7,362,20,2025-11-03
475,8,19,10,2025-10-26
476,1,90,24,2025-10-08
476,2,58,19,2025-12-20
476,3,207,21,2025-09-06
476,4,157,46,2025-09-27
476,5,229,43,2025-11-20
476,6,4,20,2025-09-06
476,7,396,49,2025-12-08
476,8,46,25,2025-10-25
477,1,92,37,2025-11-03
477,2,38,23,2025-09-16
477,3,79,13,2025-08-25
477,4,85,43,2025-09-16
477,5,6,31,2025-10-26
477,6,320,47,2025-09-03
477,7,376,18,2025-11-21
477,8,77,39,2025-09-04
478,1,255,20,2025-09-26
478,2,111,28,2025-08-15
478,3,90,40,2025-08-29
478,4,192,29,2025-12-26
478,5,139,50,2025-07-25
478,6,220,50,2025-08-08
478,7,377,33,2025-07-04
478,8,314,33,2025-09-05
479,1,52,28,2025-09-21
479,2,109,42,2025-10-25
479,3,345,45,2025-11-06
479,4,5,49,2025-09-07
479,5,180,38,2025-07-04
479,6,266,10,2025-09-16
479,7,104,15,2025-08-31
479,8,281,48,2025-08-30
480,1,270,24,2025-07-08
480,2,169,37,2025-11-10
480,3,294,20,2025-10-17
480,4,71,47,2025-07-20
480,5,33,24,2025-08-21
480,6,254,29,2025-12-07
480,7,51,35,2025-09-30
480,8,201,11,2025-08-23
481,1,314,12,2025-10-05
481,2,397,17,2025-12-28
481,3,153,47,2025-12-12
481,4,112,17,2025-11-14
481,5,198,39,2025-09-12
481,6,397,14,2025-11-19
481,7,299,41,2025-10-03
481,8,361,27,2025-10-29
482,1,209,18,2025-12-30
482,2,115,35,2025-11-08
482,3,182,37,2025-10-08
482,4,386,26,2025-11-24
482,5,68,27,2025-08-09
482,6,16,30,2025-12-28
482,7,298,36,2025-07-15
482,8,368,13,2025-12-19
483,1,72,35,2025-07-23
483,2,183,16,2025-11-24
483,3,51,20,2025-11-08
483,4,20,44,2025-12-21
483,5,372,15,2025-07-29
483,6,213,46,2025-07-08
483,7,256,44,2025-12-09
483,8,102,50,2025-09-12
484,1,195,30,2025-07-23
484,2,74,19,2025-08-12
484,3,117,39,2025-08-07
484,4,206,46,2025-07-20
484,5,80,50,2025-07-14
484,6,247,11,2025-11-26
484,7,377,47,2025-09-10
484,8,52,15,2025-09-15
485,1,276,40,2025-11-28
485,2,309,35,2025-12-17
485,3,371,23,2025-11-04
485,4,74,45,2025-09-04
485,5,148,36,2025-11-26
485,6,63,40,2025-07-12
485,7,85,38,2025-12-14
485,8,339,28,2025-12-29
486,1,40,34,2025-08-21
486,2,27,16,2025-07-16
486,3,101,45,2025-12-27
486,4,379,38,2025-09-22
486,5,246,12,2025-12-03
486,6,216,41,2025-11-30
486,7,13,13,2025-08-31
486,8,24,48,2025-09-29
487,1,158,22,2025-08-21
487,2,363,20,2025-08-17
487,3,185,47,2025-10-18
487,4,49,21,2025-11-16
487,5,380,39,2025-12-22
487,6,293,32,2025-07-08
487,7,368,39,2025-08-16
487,8,224,22,2025-10-27
488,1,200,50,2025-09-29
488,2,180,30,2025-10-19
488,3,397,24,2025-07-05
488,4,143,15,2025-10-01
488,5,59,33,2025-08-26
488,6,294,26,2025-11-12
488,7,258,47,2025-10-31
488,8,272,36,2025-10-19
489,1,199,30,2025-11-29
489,2,144,44,2025-09-06
489,3,27,22,2025-07-26
489,4,164,26,2025-07-16
489,5,95,24,2025-08-13
489,6,77,20,2025-12-08
489,7,255,18,2025-12-14
489,8,384,44,2025-11-10
490,1,385,48,2025-09-26
490,2,367,10,2025-07-31
490,3,274,39,2025-08-23
490,4,105,35,2025-08-12
490,5,101,23,2025-10-14
490,6,271,31,2025-12-21
490,7,30,13,2025-10-23
490,8,261,23,2025-07-21
491,1,175,11,2025-10-08
491,2,189,46,2025-10-31
491,3,211,26,2025-10-09
491,4,236,13,2025-11-29
491,5,314,17,2025-12-19
491,6,289,30,2025-08-16
491,7,82,12,2025-10-30
491,8,21,36,2025-07-23
492,1,67,10,2025-12-21
492,2,328,19,2025-10-05
492,3,389,40,2025-11-04
492,4,81,46,2025-12-01
492,5,84,30,2025-09-13
492,6,78,46,2025-08-21
492,7,336,35,2025-12-22
492,8,160,43,2025-09-16
493,1,29,25,2025-11-20
493,2,281,14,2025-09-08
493,3,5,48,2025-10-24
493,4,79,46,2025-08-02
493,5,53,35,2025-07-31
493,6,131,27,2025-08-09
493,7,390,46,2025-10-02
493,8,45,36,2025-10-25
494,1,299,47,2025-12-23
494,2,103,33,2025-08-31
494,3,346,21,2025-08-10
494,4,278,27,2025-10-14
494,5,9,36,2025-12-12
494,6,308,14,2025-09-07
494,7,278,42,2025-11-11
494,8,254,27,2025-08-03
495,1,341,40,2025-07-14
495,2,180,31,2025-12-29
495,3,195,27,2025-07-20
495,4,194,26,2025-08-17
495,5,203,31,2025-09-01
495,6,267,25,2025-10-28
495,7,202,32,2025-10-12
495,8,64,42,2025-08-30
496,1,47,13,2025-10-19
496,2,104,26,2025-07-07
496,3,185,13,2025-07-19
496,4,11,19,2025-12-22
496,5,154,30,2025-07-31
496,6,192,16,2025-10-09
496,7,34,39,2025-07-21
496,8,218,12,2025-11-20
497,1,286,46,2025-09-12
497,2,76,27,2025-11-05
497,3,165,16,2025-08-27
497,4,73,49,2025-10-19
497,5,223,38,2025-11-17
497,6,76,14,2025-09-28
497,7,334,35,2025-12-17
497,8,208,33,2025-10-12
498,1,173,32,2025-11-12
498,2,306,12,2025-09-17
498,3,369,27,2025-08-22
498,4,40,32,2025-08-07
498,5,325,36,2025-09-14
498,6,164,27,2025-09-16
498,7,110,42,2025-07-13
498,8,315,37,2025-09-10
499,1,260,24,2025-11-18
499,2,122,43,2025-10-28
499,3,16,48,2025-11-01
499,4,166,22,2025-09-12
499,5,99,30,2025-11-29
499,6,211,38,2025-11-15
499,7,232,47,2025-09-23
499,8,167,45,2025-08-01
500,1,171,29,2025-09-13
500,2,169,45,2025-08-31
500,3,385,23,2025-12-20
500,4,286,43,2025-07-04
500,5,302,31,2025-12-04
500,6,117,41,2025-11-26
500,7,226,26,2025-07-22
500,8,381,42,2025-09-18
